,Economic activity ,,,,,Ecosystem services dependencies and their materiality ratings ,,,,,,,,,,,,,,,,,,,,,,,,
,,,,,,,,,,,,,,,,,,,,,,,,,,,,,,
ISIC Unique code,ISIC Section,ISIC Division,ISIC Group,ISIC Class,ISIC level used for analysis ,Other provisioning services - Animal-based energy,Biomass provisioning,Solid waste remediation,Soil and sediment retention,Water purification,Soil quality regulation,Other regulating and maintenance service - Dilution by atmosphere and ecosystems,Biological control,Air Filtration,Flood mitigation services,Genetic material,Global climate regulation,Water supply,Nursery population and habitat maintenance,Noise attenuation ,Other regulating and maintenance service - Mediation of sensory impacts (other than noise),Local (micro and meso) climate regulation,Pollination,Storm mitigation,Water flow regulation,Rainfall pattern regulation,Recreation related services,Visual amenity services,"Education, scientific and research services","Spiritual, artistic and symbolic services"
A_1_14_141,"Agriculture, forestry and fishing","Crop and animal production, hunting and related service activities",Animal production,Raising of cattle and buffaloes,Class,N/A,VH,M,VH,H,H,L,M,M,M,M,M,H,VL,VL,VL,M,N/A,H,H,VH,ND,ND,VH,VH
A_1_14_142,"Agriculture, forestry and fishing","Crop and animal production, hunting and related service activities",Animal production,Raising of horses and other equines,Class,N/A,H,M,VH,H,H,L,M,M,M,M,M,H,VL,VL,VL,M,N/A,H,H,VH,ND,ND,ND,VH
A_1_14_143,"Agriculture, forestry and fishing","Crop and animal production, hunting and related service activities",Animal production,Raising of camels and camelids,Class,N/A,H,L,M,H,H,L,M,M,M,M,M,H,VL,VL,VL,M,N/A,H,H,VH,N/A,N/A,N/A,ND
A_1_14_144,"Agriculture, forestry and fishing","Crop and animal production, hunting and related service activities",Animal production,Raising of sheep and goats,Class,N/A,H,L,VH,H,H,L,M,M,M,M,M,H,VL,VL,VL,M,N/A,H,H,VH,N/A,N/A,N/A,VH
A_1_14_149,"Agriculture, forestry and fishing","Crop and animal production, hunting and related service activities",Animal production,Raising of other animals,Class,N/A,H,M,M,H,H,L,M,M,M,M,M,H,VL,VL,VL,M,N/A,H,H,VH,N/A,N/A,N/A,VH
A_1_14_145,"Agriculture, forestry and fishing","Crop and animal production, hunting and related service activities",Animal production,Raising of swine/pigs,Class,N/A,H,M,M,H,H,L,M,M,M,M,M,H,VL,VL,VL,M,N/A,H,H,VH,N/A,N/A,N/A,VH
A_1_14_146,"Agriculture, forestry and fishing","Crop and animal production, hunting and related service activities",Animal production,Raising of poultry,Class,N/A,H,M,M,H,L,L,M,M,M,M,M,M,VL,VL,VL,M,N/A,H,H,VH,N/A,N/A,N/A,VH
A_1_11_111,"Agriculture, forestry and fishing","Crop and animal production, hunting and related service activities",Growing of non-perennial crops,"Growing of cereals (except rice), leguminous crops and oil seeds",Class,M,VH,M,VH,VH,VH,M,H,M,H,VH,VH,H,VL,N/A,N/A,VH,H,H,H,VH,N/A,N/A,N/A,N/A
A_1_11_112,"Agriculture, forestry and fishing","Crop and animal production, hunting and related service activities",Growing of non-perennial crops,Growing of rice ,Class,M,VH,M,VH,VH,VH,M,H,M,H,VH,VH,H,VL,N/A,N/A,VH,VL,VH,H,VH,N/A,N/A,N/A,N/A
A_1_11_113,"Agriculture, forestry and fishing","Crop and animal production, hunting and related service activities",Growing of non-perennial crops,"Growing of vegetables and melons, roots and tubers",Class,M,VH,M,VH,VH,VH,M,H,M,H,VH,VH,VH,VL,N/A,N/A,VH,H,H,VH,VH,N/A,N/A,N/A,N/A
A_1_11_114,"Agriculture, forestry and fishing","Crop and animal production, hunting and related service activities",Growing of non-perennial crops,Growing of sugar cane,Class,M,VH,M,VH,VH,VH,M,H,M,M,VH,VH,H,VL,N/A,N/A,VH,N/A,M,H,VH,N/A,N/A,N/A,N/A
A_1_11_115,"Agriculture, forestry and fishing","Crop and animal production, hunting and related service activities",Growing of non-perennial crops,Growing of tobacco,Class,M,VH,M,VH,VH,VH,M,H,M,H,VH,VH,VH,VL,N/A,N/A,VH,M,H,VH,VH,N/A,N/A,N/A,N/A
A_1_11_116,"Agriculture, forestry and fishing","Crop and animal production, hunting and related service activities",Growing of non-perennial crops,Growing of fibre crops,Class,M,VH,M,VH,VH,VH,M,H,M,M,VH,VH,H,VL,N/A,N/A,VH,VH,M,H,VH,N/A,N/A,N/A,N/A
A_1_11_119,"Agriculture, forestry and fishing","Crop and animal production, hunting and related service activities",Growing of non-perennial crops,Growing of other non-perennial crops ,Class,M,VH,M,VH,VH,VH,M,H,M,M,VH,VH,H,VL,N/A,N/A,VH,M,M,H,VH,N/A,N/A,N/A,N/A
A_1_16_163,"Agriculture, forestry and fishing","Crop and animal production, hunting and related service activities",Support activities to agriculture and post-harvest crop activities,Post-harvest crop activities,Class,M,M,VL,M,VH,ND,VL,M,VL,M,ND,M,H,N/A,N/A,N/A,VL,ND,M,H,M,N/A,N/A,VH,VH
A_1_16_164,"Agriculture, forestry and fishing","Crop and animal production, hunting and related service activities",Support activities to agriculture and post-harvest crop activities,Seed processing for propagation,Class,M,VH,VL,M,VH,ND,VL,M,VL,L,VH,M,H,N/A,N/A,N/A,VL,L,VL,M,M,N/A,N/A,VH,VH
A_1_16_161,"Agriculture, forestry and fishing","Crop and animal production, hunting and related service activities",Support activities to agriculture and post-harvest crop activities,Support activities for crop production,Class,M,M,VL,M,VH,L,VL,L,VL,L,M,L,H,N/A,N/A,N/A,M,VL,L,M,VH,N/A,N/A,VH,VH
A_1_16_162,"Agriculture, forestry and fishing","Crop and animal production, hunting and related service activities",Support activities to agriculture and post-harvest crop activities,Support activities for animal production,Class,N/A,M,VL,M,H,L,VL,L,VL,VL,M,L,H,VL,VL,VL,M,N/A,L,M,M,ND,ND,VH,ND
C_20_201_2011,Manufacturing,Manufacture of chemicals and chemical products,"Manufacture of basic chemicals, fertilizers and nitrogen compounds, plastics and synthetic rubber in primary forms",Manufacture of basic chemicals,Class,N/A,N/A,L,M,M,N/A,L,N/A,VL,M,N/A,VL,M,N/A,VL,VL,L,N/A,M,M,VL,N/A,N/A,N/A,N/A
C_20_201_2013,Manufacturing,Manufacture of chemicals and chemical products,"Manufacture of basic chemicals, fertilizers and nitrogen compounds, plastics and synthetic rubber in primary forms",Manufacture of plastics and synthetic rubber in primary forms,Class,N/A,N/A,L,M,M,N/A,L,N/A,VL,M,N/A,VL,M,N/A,VL,VL,L,N/A,M,M,M,N/A,N/A,N/A,N/A
C_20_201_2012,Manufacturing,Manufacture of chemicals and chemical products,"Manufacture of basic chemicals, fertilizers and nitrogen compounds, plastics and synthetic rubber in primary forms",Manufacture of fertilizers and nitrogen compounds,Class,N/A,N/A,M,M,M,N/A,L,N/A,VL,M,N/A,VL,H,N/A,VL,VL,L,N/A,M,H,M,N/A,N/A,N/A,N/A
C_11_110_1101,Manufacturing,Manufacture of beverages,Manufacture of beverages,"Distilling, rectifying and blending of spirits",Class,N/A,N/A,M,L,H,N/A,L,ND,N/A,M,VH,VL,H,N/A,N/A,N/A,L,N/A,M,H,N/A,N/A,N/A,ND,ND
C_11_110_1103,Manufacturing,Manufacture of beverages,Manufacture of beverages,Manufacture of malt liquors and malt,Class,N/A,N/A,M,L,H,N/A,L,ND,N/A,M,VH,VL,H,N/A,N/A,N/A,L,N/A,M,H,N/A,N/A,N/A,ND,ND
C_11_110_1102,Manufacturing,Manufacture of beverages,Manufacture of beverages,Manufacture of wines,Class,N/A,N/A,M,L,H,N/A,L,ND,N/A,M,VH,VL,H,N/A,N/A,N/A,L,N/A,M,H,N/A,N/A,N/A,N/A,N/A
C_11_110_1104,Manufacturing,Manufacture of beverages,Manufacture of beverages,Manufacture of soft drinks; production of mineral waters and other bottled waters,Class,N/A,N/A,M,L,H,N/A,L,VL,VL,M,ND,VL,H,N/A,N/A,N/A,L,N/A,M,H,M,ND,ND,ND,ND
C_10_104_1040,Manufacturing,Manufacture of food products,Manufacture of vegetable and animal oils and fats,Manufacture of vegetable and animal oils and fats,Class,N/A,N/A,M,L,VH,N/A,L,VL,VL,M,N/A,VL,H,N/A,N/A,VL,L,N/A,M,H,N/A,N/A,N/A,N/A,N/A
C_10_102_1020,Manufacturing,Manufacture of food products,"Processing and preserving of fish, crustaceans and molluscs","Processing and preserving of fish, crustaceans and molluscs",Class,N/A,N/A,M,L,VH,N/A,L,VL,N/A,M,N/A,VL,H,N/A,N/A,N/A,ND,N/A,M,H,N/A,N/A,N/A,N/A,N/A
C_10_103_1030,Manufacturing,Manufacture of food products,Processing and preserving of fruit and vegetables,Processing and preserving of fruit and vegetables,Class,N/A,N/A,M,L,VH,N/A,L,VL,VL,M,N/A,VL,H,N/A,N/A,N/A,ND,N/A,M,H,N/A,N/A,N/A,N/A,N/A
C_10_101_1010,Manufacturing,Manufacture of food products,Processing and preserving of meat,Processing and preserving of meat,Class,N/A,N/A,M,L,VH,N/A,L,VL,VL,M,N/A,VL,H,N/A,N/A,N/A,ND,N/A,M,H,N/A,N/A,N/A,N/A,N/A
D_35_351,"Electricity, gas, steam and air conditioning supply","Electricity, gas, steam and air conditioning supply","Electric power generation, transmission and distribution",Fossil fuels energy production ,Class,N/A,N/A,M,M,M,N/A,N/A,N/A,VL,M,N/A,M,H,N/A,VL,N/A,L,N/A,L,H,N/A,N/A,N/A,N/A,N/A
D_35_351,"Electricity, gas, steam and air conditioning supply","Electricity, gas, steam and air conditioning supply","Electric power generation, transmission and distribution",Nuclear power production,Class,N/A,N/A,L,H,M,N/A,VL,N/A,VL,M,N/A,VL,H,N/A,VL,N/A,L,N/A,L,H,N/A,N/A,N/A,N/A,N/A
D_35_351,"Electricity, gas, steam and air conditioning supply","Electricity, gas, steam and air conditioning supply","Electric power generation, transmission and distribution",Hydropower energy production,Class,N/A,N/A,L,VH,L,N/A,N/A,N/A,N/A,VH,N/A,M,VH,N/A,N/A,N/A,L,N/A,M,VH,N/A,N/A,N/A,N/A,N/A
D_35_351,"Electricity, gas, steam and air conditioning supply","Electricity, gas, steam and air conditioning supply","Electric power generation, transmission and distribution",Geothermal energy production,Class,N/A,N/A,L,H,M,N/A,N/A,N/A,VL,M,N/A,VL,M,N/A,VL,N/A,L,N/A,VL,M,N/A,N/A,N/A,N/A,N/A
D_35_351,"Electricity, gas, steam and air conditioning supply","Electricity, gas, steam and air conditioning supply","Electric power generation, transmission and distribution",Solar energy production,Class,N/A,N/A,N/A,M,N/A,N/A,N/A,N/A,N/A,M,N/A,VH,M,N/A,VL,N/A,M,N/A,M,M,N/A,N/A,N/A,N/A,N/A
D_35_351,"Electricity, gas, steam and air conditioning supply","Electricity, gas, steam and air conditioning supply","Electric power generation, transmission and distribution",Wind energy production,Class,N/A,N/A,N/A,M,N/A,N/A,N/A,N/A,N/A,H,N/A,VH,VL,N/A,M,N/A,M,N/A,M,M,N/A,N/A,N/A,N/A,N/A
D_35_351,"Electricity, gas, steam and air conditioning supply","Electricity, gas, steam and air conditioning supply","Electric power generation, transmission and distribution",Biomass energy production,Class,N/A,H,L,L,M,N/A,N/A,N/A,VL,VL,N/A,VL,L,N/A,N/A,N/A,L,N/A,VL,L,M,N/A,N/A,N/A,N/A
D_35_351,"Electricity, gas, steam and air conditioning supply","Electricity, gas, steam and air conditioning supply","Electric power generation, transmission and distribution",Ocean energy production,Class,N/A,N/A,L,M,N/A,N/A,N/A,N/A,VL,H,N/A,M,M,N/A,N/A,N/A,M,N/A,VL,H,VL,N/A,N/A,N/A,N/A
H_52_522_5223,Transportation and storage,Warehousing and support activities for transportation,Support activities for transportation,Service activities incidental to air transportation,Class,N/A,N/A,ND,L,ND,N/A,N/A,VL,VL,VL,N/A,VL,VL,N/A,VL,N/A,L,N/A,L,VL,VL,ND,ND,ND,ND
H_52_522_5224,Transportation and storage,Warehousing and support activities for transportation,Support activities for transportation,Cargo handling,Class,N/A,N/A,ND,L,ND,N/A,N/A,VL,VL,VL,N/A,VL,VL,N/A,VL,N/A,L,N/A,L,VL,VL,ND,ND,ND,ND
H_52_522_5229,Transportation and storage,Warehousing and support activities for transportation,Support activities for transportation,Other transportation support activities,Class,N/A,N/A,ND,L,ND,N/A,N/A,VL,VL,VL,N/A,VL,VL,N/A,VL,N/A,L,N/A,L,VL,VL,ND,ND,ND,ND
H_52_522_5221,Transportation and storage,Warehousing and support activities for transportation,Support activities for transportation,Service activities incidental to land transportation,Class,ND,N/A,ND,L,ND,N/A,N/A,VL,VL,VL,N/A,VL,VL,N/A,VL,N/A,L,N/A,L,VL,VL,ND,ND,ND,ND
H_52_522_5222,Transportation and storage,Warehousing and support activities for transportation,Support activities for transportation,Service activities incidental to water transportation,Class,ND,N/A,ND,L,ND,N/A,N/A,VL,VL,H,N/A,VL,L,N/A,VL,N/A,L,N/A,M,M,VL,N/A,ND,ND,ND
N_79_791_7911,Administrative and support service activities,"Travel agency, tour operator, reservation service and related activities",Travel agency and tour operator activities,Travel agency activities,Class,VL,N/A,ND,VL,M,N/A,ND,M,N/A,VL,N/A,M,VL,N/A,VL,N/A,L,N/A,VL,VL,M,VH,VH,VH,VH
N_79_791_7912,Administrative and support service activities,"Travel agency, tour operator, reservation service and related activities",Travel agency and tour operator activities,Tour operator activities,Class,M,N/A,ND,M,M,N/A,ND,M,H,VL,N/A,M,VL,N/A,VL,VL,L,N/A,L,VL,M,VH,VH,VH,VH
A_3_32,"Agriculture, forestry and fishing",Fishing and aquaculture,Aquaculture,,Group,N/A,VH,VH,VH,VH,M,M,H,M,H,M,M,H,VL,ND,N/A,H,N/A,H,H,VH,N/A,N/A,N/A,ND
A_3_31,"Agriculture, forestry and fishing",Fishing and aquaculture,Fishing,,Group,N/A,VH,VH,VH,VH,M,M,H,L,M,H,VH,H,VH,ND,N/A,M,N/A,H,H,VH,ND,ND,VH,VH
A_2_23,"Agriculture, forestry and fishing",Forestry and logging,Gathering of non-wood forest products,,Group,M,VH,H,VH,VH,H,ND,M,L,M,L,VH,H,H,N/A,N/A,H,M,VL,H,VH,N/A,N/A,N/A,VH
A_1_12,"Agriculture, forestry and fishing","Crop and animal production, hunting and related service activities",Growing of perennial crops,,Group,M,VH,M,VH,VH,VH,M,H,M,H,VH,VH,H,VL,N/A,N/A,VH,VH,H,H,VH,N/A,N/A,N/A,N/A
A_1_17,"Agriculture, forestry and fishing","Crop and animal production, hunting and related service activities","Hunting, trapping and related service activities",,Group,M,VH,L,VL,N/A,N/A,M,M,L,L,N/A,ND,H,VH,N/A,N/A,ND,N/A,VL,M,L,VH,N/A,N/A,ND
A_2_22,"Agriculture, forestry and fishing",Forestry and logging,Logging,,Group,M,VH,M,VH,N/A,H,ND,H,H,M,ND,ND,M,N/A,VL,VL,N/A,N/A,L,M,N/A,N/A,N/A,N/A,N/A
A_1_15,"Agriculture, forestry and fishing","Crop and animal production, hunting and related service activities",Mixed farming,,Group,M,VH,M,VH,VH,VH,M,H,M,H,VH,VH,H,VL,N/A,N/A,VH,M,M,H,VH,N/A,N/A,VH,VH
A_1_13,"Agriculture, forestry and fishing","Crop and animal production, hunting and related service activities",Plant propagation,,Group,M,VH,M,VH,VH,H,M,H,M,H,VH,H,VH,H,N/A,N/A,VH,H,H,VH,M,N/A,N/A,VH,VH
A_2_21,"Agriculture, forestry and fishing",Forestry and logging,Silviculture and other forestry activities,,Group,L,VH,M,VH,VH,VH,ND,H,M,H,VH,VH,H,H,N/A,N/A,VH,M,M,H,VH,N/A,N/A,N/A,ND
A_2_24,"Agriculture, forestry and fishing",Forestry and logging,Support services to forestry,,Group,L,M,VL,M,VH,N/A,N/A,L,ND,VL,M,VL,H,ND,N/A,N/A,M,N/A,VL,M,VH,N/A,N/A,N/A,N/A
B_6_61,Mining and quarrying,Extraction of crude petroleum and natural gas,Extraction of crude petroleum,,Group,N/A,N/A,L,L,VL,N/A,M,N/A,VL,H,N/A,H,M,N/A,VL,L,L,N/A,L,M,ND,N/A,N/A,N/A,N/A
B_6_62,Mining and quarrying,Extraction of crude petroleum and natural gas,Extraction of natural gas,,Group,N/A,N/A,L,L,VL,N/A,M,N/A,VL,H,N/A,H,L,N/A,VL,L,L,N/A,L,M,ND,N/A,N/A,N/A,N/A
B_8_89,Mining and quarrying,Other mining and quarrying,Mining and quarrying n.e.c.,,Group,N/A,L,L,M,VH,N/A,M,N/A,VL,H,N/A,H,H,N/A,VL,L,L,N/A,M,H,VH,N/A,N/A,N/A,N/A
B_5_51,Mining and quarrying,Mining of coal and lignite,Mining of hard coal,,Group,N/A,L,L,M,VH,N/A,M,N/A,VL,H,N/A,H,H,N/A,VL,L,L,N/A,M,H,VH,N/A,N/A,N/A,N/A
B_7_71,Mining and quarrying,Mining of metal ores,Mining of iron ores,,Group,N/A,VL,L,M,VH,N/A,M,N/A,VL,H,N/A,H,H,N/A,VL,L,L,N/A,M,H,VH,N/A,N/A,N/A,N/A
B_5_52,Mining and quarrying,Mining of coal and lignite,Mining of lignite,,Group,N/A,L,L,M,VH,N/A,M,N/A,VL,H,N/A,H,H,N/A,VL,L,L,N/A,M,H,VH,N/A,N/A,N/A,N/A
B_7_72,Mining and quarrying,Mining of metal ores,Mining of non-ferrous metal ores,,Group,N/A,VL,L,M,VH,N/A,M,N/A,VL,H,N/A,H,H,N/A,VL,L,L,N/A,M,H,VH,N/A,N/A,N/A,N/A
B_8_81,Mining and quarrying,Other mining and quarrying,"Quarrying of stone, sand and clay",,Group,L,L,ND,H,VH,N/A,M,N/A,VL,H,N/A,H,H,N/A,VL,L,L,N/A,M,H,VH,N/A,N/A,N/A,N/A
B_9_99,Mining and quarrying,Mining support service activities,Support activities for other mining and quarrying,,Group,N/A,N/A,ND,M,M,N/A,VL,N/A,VL,L,N/A,L,M,N/A,VL,L,VL,N/A,M,M,H,N/A,N/A,N/A,N/A
B_9_91,Mining and quarrying,Mining support service activities,Support activities for petroleum and natural gas extraction,,Group,N/A,N/A,L,M,VL,N/A,VL,VL,VL,L,VL,L,M,N/A,VL,VL,VL,N/A,VL,M,H,N/A,N/A,N/A,N/A
C_30_301,Manufacturing,Manufacture of other transport equipment,Building of ships and boats,,Group,N/A,N/A,ND,M,N/A,N/A,L,N/A,VL,M,N/A,VL,L,N/A,VL,N/A,L,N/A,M,M,N/A,N/A,N/A,N/A,N/A
C_24_243,Manufacturing,Manufacture of basic metals,Casting of metals,,Group,N/A,N/A,ND,M,M,N/A,ND,N/A,M,M,N/A,ND,M,N/A,N/A,N/A,L,N/A,M,M,M,N/A,N/A,N/A,N/A
C_33_332,Manufacturing,Repair and installation of machinery and equipment,Installation of industrial machinery and equipment,,Group,N/A,N/A,ND,M,N/A,N/A,ND,N/A,VL,M,N/A,VL,M,N/A,VL,VL,L,N/A,M,M,VL,N/A,N/A,N/A,N/A
C_30_303,Manufacturing,Manufacture of other transport equipment,Manufacture of air and spacecraft and related machinery,,Group,N/A,N/A,M,M,M,N/A,L,N/A,VL,M,N/A,VL,L,N/A,VL,VL,L,N/A,M,M,VL,N/A,N/A,VH,N/A
C_14_142,Manufacturing,Manufacture of wearing apparel,Manufacture of articles of fur,,Group,N/A,N/A,M,L,M,N/A,L,N/A,VL,M,N/A,VL,M,N/A,VL,VL,L,N/A,M,M,VL,ND,ND,ND,ND
C_24_241,Manufacturing,Manufacture of basic metals,Manufacture of basic iron and steel,,Group,N/A,N/A,L,L,M,N/A,ND,N/A,VL,M,N/A,VL,H,N/A,VL,VL,L,N/A,M,H,M,N/A,N/A,N/A,N/A
C_24_242,Manufacturing,Manufacture of basic metals,Manufacture of basic precious and other non-ferrous metals,,Group,N/A,N/A,L,L,M,N/A,ND,N/A,M,M,N/A,VL,M,N/A,N/A,N/A,L,N/A,M,M,M,N/A,N/A,N/A,N/A
C_27_272,Manufacturing,Manufacture of electrical equipment,Manufacture of batteries and accumulators,,Group,N/A,N/A,L,L,M,N/A,L,N/A,VL,M,N/A,VL,M,N/A,VL,VL,L,N/A,M,M,M,N/A,N/A,N/A,N/A
C_29_292,Manufacturing,"Manufacture of motor vehicles, trailers and semi-trailers",Manufacture of bodies (coachwork) for motor vehicles; manufacture of trailers and semi-trailers,,Group,N/A,N/A,L,L,M,N/A,L,N/A,VL,M,N/A,VL,L,N/A,VL,VL,L,N/A,M,M,VL,N/A,N/A,N/A,N/A
C_19_191,Manufacturing,Manufacture of coke and refined petroleum products,Manufacture of coke oven products ,,Group,N/A,N/A,L,L,N/A,N/A,L,N/A,VL,M,N/A,VL,M,N/A,VL,N/A,L,N/A,M,M,N/A,N/A,N/A,N/A,N/A
C_26_263,Manufacturing,"Manufacture of computer, electronic and optical products",Manufacture of communication equipment,,Group,N/A,N/A,L,L,M,N/A,L,N/A,VL,M,N/A,VL,M,N/A,VL,VL,L,N/A,M,M,VL,N/A,N/A,N/A,N/A
C_26_262,Manufacturing,"Manufacture of computer, electronic and optical products",Manufacture of computers and peripheral equipment,,Group,N/A,N/A,L,L,M,N/A,L,N/A,VL,M,N/A,VL,L,N/A,VL,VL,L,N/A,M,M,VL,N/A,N/A,N/A,N/A
C_26_264,Manufacturing,"Manufacture of computer, electronic and optical products",Manufacture of consumer electronics,,Group,N/A,N/A,L,L,M,N/A,L,N/A,VL,M,N/A,VL,M,N/A,VL,VL,L,N/A,M,M,VL,N/A,N/A,N/A,N/A
C_10_105,Manufacturing,Manufacture of food products,Manufacture of dairy products,,Group,N/A,N/A,M,L,VH,N/A,L,VL,VL,M,N/A,VL,H,N/A,N/A,VL,L,N/A,M,H,N/A,N/A,N/A,N/A,N/A
C_27_275,Manufacturing,Manufacture of electrical equipment,Manufacture of domestic appliances,,Group,N/A,N/A,M,L,M,N/A,L,N/A,VL,M,N/A,VL,M,N/A,VL,VL,L,N/A,M,M,M,N/A,N/A,N/A,N/A
C_27_274,Manufacturing,Manufacture of electrical equipment,Manufacture of electric lighting equipment,,Group,N/A,N/A,M,L,M,N/A,L,N/A,VL,M,N/A,VL,M,N/A,VL,VL,L,N/A,M,M,M,N/A,N/A,N/A,N/A
C_27_271,Manufacturing,Manufacture of electrical equipment,"Manufacture of electric motors, generators, transformers and electricity distribution and control apparatus",,Group,N/A,N/A,L,L,M,N/A,L,N/A,VL,M,N/A,VL,M,N/A,VL,VL,L,N/A,M,M,M,N/A,N/A,N/A,N/A
C_26_261,Manufacturing,"Manufacture of computer, electronic and optical products",Manufacture of electronic components and boards,,Group,N/A,N/A,L,L,M,N/A,L,N/A,VL,M,N/A,VL,M,N/A,VL,VL,L,N/A,M,M,VL,N/A,N/A,N/A,N/A
C_15_152,Manufacturing,Manufacture of leather and related products,Manufacture of footwear,,Group,N/A,N/A,L,L,M,N/A,L,N/A,M,M,N/A,VL,M,N/A,VL,N/A,L,N/A,M,M,N/A,N/A,N/A,N/A,N/A
C_31_310,Manufacturing,Manufacture of furniture,Manufacture of furniture,,Group,N/A,N/A,M,L,M,N/A,L,N/A,VL,M,N/A,VL,M,N/A,VL,VL,L,N/A,M,M,VL,N/A,N/A,N/A,N/A
C_32_324,Manufacturing,Other manufacturing,Manufacture of games and toys,,Group,N/A,N/A,L,L,M,N/A,L,N/A,VL,M,N/A,VL,M,N/A,VL,VL,L,N/A,M,M,VL,N/A,N/A,N/A,VH
C_28_281,Manufacturing,Manufacture of machinery and equipment n.e.c.,Manufacture of general-purpose machinery,,Group,N/A,N/A,L,L,M,N/A,L,N/A,VL,M,N/A,VL,M,N/A,VL,VL,L,N/A,M,M,VL,N/A,N/A,N/A,N/A
C_23_231,Manufacturing,Manufacture of other non-metallic mineral products,Manufacture of glass and glass products,,Group,N/A,N/A,M,L,M,N/A,ND,N/A,VL,M,N/A,VL,M,N/A,VL,VL,L,N/A,M,M,M,N/A,N/A,N/A,VH
C_10_106,Manufacturing,Manufacture of food products,"Manufacture of grain mill products, starches and starch products",,Group,N/A,N/A,M,L,VH,N/A,L,VL,VL,M,N/A,VL,M,N/A,N/A,N/A,L,N/A,M,M,N/A,N/A,N/A,N/A,N/A
C_26_266,Manufacturing,"Manufacture of computer, electronic and optical products","Manufacture of irradiation, electromedical and electrotherapeutic equipment",,Group,N/A,N/A,L,L,M,N/A,L,N/A,VL,M,N/A,VL,M,N/A,VL,VL,L,N/A,M,M,VL,N/A,N/A,N/A,N/A
C_32_321,Manufacturing,Other manufacturing,"Manufacture of jewellery, bijouterie and related articles",,Group,N/A,N/A,M,L,M,N/A,L,N/A,VL,M,N/A,VL,M,N/A,VL,VL,L,N/A,M,M,VL,N/A,N/A,N/A,N/A
C_14_143,Manufacturing,Manufacture of wearing apparel,Manufacture of knitted and crocheted apparel,,Group,N/A,N/A,M,L,M,N/A,L,N/A,VL,M,N/A,VL,M,N/A,VL,VL,L,N/A,M,M,VL,N/A,N/A,N/A,N/A
C_26_268,Manufacturing,"Manufacture of computer, electronic and optical products",Manufacture of magnetic and optical media,,Group,N/A,N/A,L,L,M,N/A,L,N/A,VL,M,N/A,VL,M,N/A,VL,VL,L,N/A,M,M,VL,N/A,N/A,N/A,N/A
C_20_203,Manufacturing,Manufacture of chemicals and chemical products,Manufacture of man-made fibres,,Group,N/A,N/A,L,L,M,N/A,ND,N/A,VL,M,N/A,VL,M,N/A,VL,VL,L,N/A,M,M,N/A,N/A,N/A,N/A,N/A
C_26_265,Manufacturing,"Manufacture of computer, electronic and optical products","Manufacture of measuring, testing, navigating and control equipment; watches and clocks",,Group,N/A,N/A,L,L,M,N/A,L,N/A,VL,M,N/A,VL,M,N/A,VL,VL,L,N/A,M,M,VL,N/A,N/A,N/A,N/A
C_32_325,Manufacturing,Other manufacturing,Manufacture of medical and dental instruments and supplies,,Group,N/A,N/A,L,L,VH,N/A,L,N/A,VL,M,N/A,VL,H,N/A,VL,N/A,L,N/A,M,H,VL,N/A,N/A,N/A,N/A
C_30_304,Manufacturing,Manufacture of other transport equipment,Manufacture of military fighting vehicles,,Group,N/A,N/A,L,M,M,N/A,L,N/A,VL,M,N/A,VL,L,N/A,VL,VL,L,N/A,M,M,N/A,N/A,N/A,N/A,N/A
C_29_291,Manufacturing,"Manufacture of motor vehicles, trailers and semi-trailers",Manufacture of motor vehicles,,Group,N/A,N/A,L,M,M,N/A,L,N/A,VL,M,N/A,VL,L,N/A,VL,VL,L,N/A,M,M,VL,N/A,N/A,N/A,N/A
C_32_322,Manufacturing,Other manufacturing,Manufacture of musical instruments,,Group,N/A,N/A,L,L,M,N/A,L,N/A,VL,M,N/A,VL,M,N/A,VL,N/A,L,N/A,M,M,VL,N/A,N/A,N/A,VH
C_23_239,Manufacturing,Manufacture of other non-metallic mineral products,Manufacture of non-metallic mineral products n.e.c.,,Group,N/A,N/A,M,L,M,N/A,L,N/A,VL,M,N/A,VL,M,N/A,VL,VL,L,N/A,M,M,L,N/A,N/A,N/A,VH
C_26_267,Manufacturing,"Manufacture of computer, electronic and optical products",Manufacture of optical instruments and photographic equipment,,Group,N/A,N/A,L,L,M,N/A,L,N/A,VL,M,N/A,VL,M,N/A,VL,VL,L,N/A,M,M,VL,N/A,N/A,N/A,N/A
C_20_202,Manufacturing,Manufacture of chemicals and chemical products,Manufacture of other chemical products,,Group,N/A,N/A,M,M,M,N/A,L,N/A,VL,M,N/A,VL,M,N/A,VL,VL,L,N/A,M,M,N/A,N/A,N/A,N/A,N/A
C_27_279,Manufacturing,Manufacture of electrical equipment,Manufacture of other electrical equipment,,Group,N/A,N/A,M,L,M,N/A,ND,N/A,VL,M,N/A,VL,M,N/A,VL,VL,L,N/A,M,M,M,N/A,N/A,N/A,N/A
C_25_259,Manufacturing,"Manufacture of fabricated metal products, except machinery and equipment",Manufacture of other fabricated metal products; metalworking service activities,,Group,N/A,N/A,M,L,M,N/A,L,N/A,N/A,M,N/A,VL,M,N/A,VL,VL,L,N/A,M,M,N/A,N/A,N/A,N/A,N/A
C_10_107,Manufacturing,Manufacture of food products,Manufacture of other food products,,Group,N/A,N/A,M,L,VH,N/A,L,VL,VL,M,N/A,VL,H,N/A,N/A,N/A,L,N/A,M,H,N/A,N/A,N/A,N/A,N/A
C_13_139,Manufacturing,Manufacture of textiles,Manufacture of other textiles,,Group,N/A,N/A,L,L,M,N/A,L,N/A,VL,M,N/A,VL,M,N/A,VL,VL,L,N/A,M,M,VL,N/A,N/A,N/A,N/A
C_17_170,Manufacturing,Manufacture of paper and paper products,Manufacture of paper and paper products,,Group,N/A,N/A,M,L,N/A,N/A,L,VL,VL,M,N/A,VL,M,N/A,VL,N/A,L,N/A,M,M,M,N/A,N/A,N/A,N/A
C_29_293,Manufacturing,"Manufacture of motor vehicles, trailers and semi-trailers",Manufacture of parts and accessories for motor vehicles,,Group,N/A,N/A,L,M,M,N/A,L,N/A,VL,M,N/A,VL,L,N/A,VL,VL,L,N/A,M,M,VL,N/A,N/A,N/A,N/A
C_21_210,Manufacturing,Manufacture of basic pharmaceutical products and pharmaceutical preparations,"Manufacture of pharmaceuticals, medicinal chemical and botanical products",,Group,N/A,N/A,L,M,VH,N/A,L,N/A,VL,M,H,VL,H,N/A,N/A,N/A,L,N/A,M,H,N/A,N/A,N/A,VH,N/A
C_22_222,Manufacturing,Manufacture of rubber and plastics products,Manufacture of plastics products,,Group,N/A,N/A,L,L,M,N/A,L,N/A,VL,M,N/A,VL,L,N/A,VL,VL,L,N/A,M,M,VL,ND,ND,ND,ND
C_10_108,Manufacturing,Manufacture of food products,Manufacture of prepared animal feeds,,Group,N/A,N/A,M,L,VH,N/A,L,VL,VL,M,N/A,VL,H,N/A,N/A,VL,L,N/A,M,H,N/A,N/A,N/A,N/A,N/A
C_16_162,Manufacturing,"Manufacture of wood and of products of wood and cork, except furniture; manufacture of articles of straw and plaiting materials","Manufacture of products of wood, cork, straw and plaiting materials",,Group,N/A,N/A,M,L,N/A,N/A,L,VL,M,M,N/A,VL,L,N/A,VL,N/A,L,N/A,M,M,M,N/A,N/A,N/A,N/A
C_30_302,Manufacturing,Manufacture of other transport equipment,Manufacture of railway locomotives and rolling stock,,Group,N/A,N/A,L,L,M,N/A,L,N/A,VL,M,N/A,VL,L,N/A,VL,VL,L,N/A,M,M,VL,N/A,N/A,N/A,N/A
C_19_192,Manufacturing,Manufacture of coke and refined petroleum products,Manufacture of refined petroleum products,,Group,N/A,N/A,L,M,H,N/A,L,N/A,VL,M,N/A,VL,L,N/A,VL,N/A,L,N/A,M,M,N/A,N/A,N/A,N/A,N/A
C_22_221,Manufacturing,Manufacture of rubber and plastics products,Manufacture of rubber products,,Group,N/A,N/A,L,L,M,N/A,ND,N/A,VL,M,N/A,VL,L,N/A,VL,N/A,L,N/A,M,M,ND,ND,ND,ND,ND
C_28_282,Manufacturing,Manufacture of machinery and equipment n.e.c.,Manufacture of special-purpose machinery,,Group,N/A,N/A,L,L,M,N/A,L,N/A,VL,M,N/A,VL,M,N/A,VL,VL,L,N/A,M,M,VL,N/A,N/A,N/A,N/A
C_32_323,Manufacturing,Other manufacturing,Manufacture of sports goods,,Group,N/A,N/A,L,L,M,N/A,L,N/A,VL,M,N/A,VL,M,N/A,VL,N/A,L,N/A,M,M,VL,N/A,N/A,N/A,N/A
C_25_251,Manufacturing,"Manufacture of fabricated metal products, except machinery and equipment","Manufacture of structural metal products, tanks, reservoirs and steam generators",,Group,N/A,N/A,L,L,M,N/A,ND,N/A,VL,M,N/A,VL,M,N/A,VL,VL,L,N/A,M,M,N/A,N/A,N/A,N/A,N/A
C_12_120,Manufacturing,Manufacture of tobacco products,Manufacture of tobacco products,,Group,N/A,N/A,L,L,N/A,N/A,ND,VL,M,M,N/A,VL,H,N/A,VL,N/A,L,N/A,M,H,VL,N/A,N/A,N/A,N/A
C_30_309,Manufacturing,Manufacture of other transport equipment,Manufacture of transport equipment n.e.c.,,Group,N/A,N/A,L,L,M,N/A,L,N/A,VL,M,N/A,VL,L,N/A,VL,VL,L,N/A,M,M,VL,N/A,N/A,N/A,N/A
C_25_252,Manufacturing,"Manufacture of fabricated metal products, except machinery and equipment",Manufacture of weapons and ammunition,,Group,N/A,N/A,M,M,M,N/A,L,N/A,VL,M,N/A,VL,M,N/A,VL,VL,L,N/A,M,M,VL,N/A,N/A,N/A,N/A
C_14_141,Manufacturing,Manufacture of wearing apparel,"Manufacture of wearing apparel, except fur apparel",,Group,N/A,N/A,M,L,M,N/A,L,N/A,VL,M,N/A,VL,M,N/A,VL,VL,L,N/A,M,M,VL,N/A,N/A,N/A,N/A
C_27_273,Manufacturing,Manufacture of electrical equipment,Manufacture of wiring and wiring devices,,Group,N/A,N/A,L,L,M,N/A,L,N/A,VL,M,N/A,VL,M,N/A,VL,VL,L,N/A,M,M,M,N/A,N/A,N/A,N/A
C_32_329,Manufacturing,Other manufacturing,Other manufacturing n.e.c.,,Group,N/A,N/A,ND,L,M,N/A,ND,ND,VL,M,N/A,VL,M,N/A,VL,VL,L,N/A,M,M,VL,ND,ND,VH,ND
C_18_181,Manufacturing,Printing and reproduction of recorded media,Printing and service activities related to printing,,Group,N/A,N/A,ND,L,N/A,N/A,N/A,VL,N/A,M,N/A,VL,H,N/A,N/A,N/A,N/A,N/A,M,H,VL,N/A,N/A,N/A,N/A
C_33_331,Manufacturing,Repair and installation of machinery and equipment,"Repair of fabricated metal products, machinery and equipment",,Group,N/A,N/A,ND,L,N/A,N/A,L,N/A,VL,M,N/A,VL,M,N/A,VL,VL,L,N/A,M,M,VL,N/A,N/A,N/A,N/A
C_18_182,Manufacturing,Printing and reproduction of recorded media,Reproduction of recorded media,,Group,N/A,N/A,N/A,L,N/A,N/A,N/A,N/A,N/A,M,N/A,VL,M,N/A,N/A,N/A,N/A,N/A,M,M,VL,N/A,N/A,N/A,N/A
C_16_161,Manufacturing,"Manufacture of wood and of products of wood and cork, except furniture; manufacture of articles of straw and plaiting materials",Sawmilling and planing of wood,,Group,N/A,N/A,M,L,N/A,N/A,L,VL,M,M,N/A,VL,L,N/A,VL,N/A,L,N/A,M,M,VL,N/A,N/A,N/A,N/A
C_13_131,Manufacturing,Manufacture of textiles,"Spinning, weaving and finishing of textiles",,Group,N/A,N/A,M,L,M,N/A,L,N/A,VL,M,N/A,VL,M,N/A,VL,VL,L,N/A,M,M,VL,N/A,N/A,VH,N/A
C_15_151,Manufacturing,Manufacture of leather and related products,"Tanning and dressing of leather; manufacture of luggage, handbags, saddlery and harness; dressing and dyeing of fur",,Group,N/A,N/A,M,L,N/A,N/A,L,VL,M,M,N/A,VL,M,N/A,N/A,VL,L,N/A,M,M,VL,N/A,N/A,N/A,N/A
D_35_352,"Electricity, gas, steam and air conditioning supply","Electricity, gas, steam and air conditioning supply",Manufacture of gas; distribution of gaseous fuels through mains,,Group,N/A,N/A,L,L,M,N/A,N/A,N/A,VL,VL,N/A,VL,VL,N/A,VL,N/A,L,N/A,VL,VL,M,N/A,N/A,N/A,N/A
D_35_353,"Electricity, gas, steam and air conditioning supply","Electricity, gas, steam and air conditioning supply",Steam and air conditioning supply,,Group,N/A,N/A,L,VL,M,N/A,VL,N/A,VL,VL,N/A,VL,H,N/A,VL,N/A,L,N/A,VL,M,M,N/A,N/A,N/A,N/A
E_38_383,"Water supply; sewerage, waste management and remediation activities","Waste collection, treatment and disposal activities; materials recovery",Materials recovery,,Group,N/A,N/A,H,VL,N/A,N/A,VL,VL,M,VL,N/A,VL,M,N/A,VL,VL,ND,N/A,VL,L,M,N/A,N/A,N/A,N/A
E_39_390,"Water supply; sewerage, waste management and remediation activities",Remediation activities and other waste management services,Remediation activities and other waste management services,,Group,N/A,N/A,VH,N/A,M,ND,M,VL,VL,M,N/A,ND,M,N/A,VL,N/A,ND,N/A,M,M,M,N/A,N/A,N/A,N/A
E_37_370,"Water supply; sewerage, waste management and remediation activities",Sewerage,Sewerage,,Group,N/A,N/A,VH,VL,M,N/A,M,VL,VL,H,N/A,VL,L,N/A,VL,VL,ND,N/A,H,H,M,N/A,N/A,N/A,N/A
E_38_381,"Water supply; sewerage, waste management and remediation activities","Waste collection, treatment and disposal activities; materials recovery",Waste collection,,Group,N/A,N/A,ND,VL,N/A,N/A,N/A,N/A,M,M,N/A,VL,M,N/A,N/A,N/A,L,N/A,L,M,M,N/A,N/A,N/A,N/A
E_38_382,"Water supply; sewerage, waste management and remediation activities","Waste collection, treatment and disposal activities; materials recovery",Waste treatment and disposal,,Group,N/A,N/A,VH,VL,M,N/A,M,VL,VL,VL,N/A,VL,M,N/A,VL,VL,ND,N/A,L,M,M,N/A,N/A,N/A,N/A
E_36_360,"Water supply; sewerage, waste management and remediation activities","Water collection, treatment and supply","Water collection, treatment and supply",,Group,N/A,VL,VH,M,VH,N/A,N/A,VL,M,M,N/A,VL,M,N/A,VL,VL,L,N/A,L,M,VH,N/A,N/A,N/A,N/A
F_43_433,Construction,Specialized construction activities,Building completion and finishing,,Group,N/A,N/A,ND,M,M,N/A,N/A,ND,N/A,M,N/A,ND,L,N/A,VL,ND,ND,N/A,M,M,VL,N/A,N/A,N/A,N/A
F_41_410,Construction,Construction of buildings,Construction of buildings,,Group,VL,N/A,VL,H,M,N/A,L,ND,VL,M,N/A,M,M,N/A,VL,VL,L,N/A,M,M,VH,N/A,N/A,N/A,N/A
F_42_429,Construction,Civil engineering,Construction of other civil engineering projects,,Group,N/A,N/A,ND,H,M,N/A,L,ND,VL,H,N/A,M,M,N/A,VL,VL,L,N/A,H,M,VH,N/A,N/A,N/A,N/A
F_42_421,Construction,Civil engineering,Construction of roads and railways,,Group,N/A,N/A,ND,H,M,N/A,L,ND,VL,H,N/A,M,M,N/A,VL,VL,L,N/A,H,M,VH,N/A,N/A,N/A,N/A
F_42_422,Construction,Civil engineering,Construction of utility projects,,Group,N/A,N/A,ND,H,M,N/A,L,ND,VL,M,N/A,M,M,N/A,VL,VL,L,N/A,M,M,VH,N/A,N/A,N/A,N/A
F_43_431,Construction,Specialized construction activities,Demolition and site preparation,,Group,N/A,N/A,ND,M,M,N/A,L,ND,VL,L,N/A,M,L,N/A,VL,VL,L,N/A,L,L,VH,N/A,N/A,N/A,N/A
F_43_432,Construction,Specialized construction activities,"Electrical, plumbing and other construction installation activities",,Group,N/A,N/A,ND,M,M,N/A,N/A,ND,VL,M,N/A,VL,L,N/A,VL,VL,L,N/A,M,M,VH,N/A,N/A,N/A,N/A
F_43_439,Construction,Specialized construction activities,Other specialized construction activities,,Group,N/A,N/A,VL,M,M,N/A,VL,ND,VL,M,N/A,VL,M,N/A,VL,VL,L,N/A,M,M,VH,N/A,N/A,N/A,N/A
G_45_452,Wholesale and retail trade; repair of motor vehicles and motorcycles,Wholesale and retail trade and repair of motor vehicles and motorcycles,Maintenance and repair of motor vehicles,,Group,N/A,N/A,ND,M,N/A,N/A,N/A,VL,VL,L,N/A,VL,L,N/A,VL,N/A,L,N/A,L,L,VL,N/A,N/A,N/A,N/A
G_46_469,Wholesale and retail trade; repair of motor vehicles and motorcycles,"Wholesale trade, except of motor vehicles and motorcycles",Non-specialized wholesale trade,,Group,N/A,N/A,ND,L,ND,N/A,N/A,VL,N/A,L,N/A,VL,M,N/A,VL,N/A,L,N/A,L,M,VL,N/A,N/A,N/A,N/A
G_46_466,Wholesale and retail trade; repair of motor vehicles and motorcycles,"Wholesale trade, except of motor vehicles and motorcycles",Other specialized wholesale,,Group,N/A,N/A,ND,L,ND,N/A,N/A,VL,N/A,L,N/A,VL,M,N/A,N/A,N/A,L,N/A,L,M,VL,N/A,N/A,N/A,N/A
G_47_471,Wholesale and retail trade; repair of motor vehicles and motorcycles,"Retail trade, except of motor vehicles and motorcycles",Retail sale in non-specialized stores,,Group,N/A,ND,ND,M,ND,N/A,N/A,VL,VL,M,N/A,VL,L,N/A,N/A,N/A,L,N/A,M,M,VL,N/A,N/A,N/A,N/A
G_47_473,Wholesale and retail trade; repair of motor vehicles and motorcycles,"Retail trade, except of motor vehicles and motorcycles",Retail sale of automotive fuel in specialized stores,,Group,N/A,N/A,ND,M,ND,N/A,N/A,VL,VL,M,N/A,VL,L,N/A,N/A,VL,L,N/A,M,M,VL,N/A,N/A,N/A,N/A
G_47_476,Wholesale and retail trade; repair of motor vehicles and motorcycles,"Retail trade, except of motor vehicles and motorcycles",Retail sale of cultural and recreation goods in specialized stores,,Group,N/A,N/A,ND,M,ND,N/A,N/A,VL,VL,M,N/A,VL,L,N/A,N/A,N/A,L,N/A,M,M,VL,N/A,N/A,N/A,N/A
G_47_472,Wholesale and retail trade; repair of motor vehicles and motorcycles,"Retail trade, except of motor vehicles and motorcycles","Retail sale of food, beverages and tobacco in specialized stores",,Group,N/A,N/A,ND,M,ND,N/A,N/A,VL,VL,M,N/A,VL,M,N/A,N/A,N/A,L,N/A,M,M,VL,N/A,N/A,N/A,N/A
G_47_474,Wholesale and retail trade; repair of motor vehicles and motorcycles,"Retail trade, except of motor vehicles and motorcycles",Retail sale of information and communications equipment in specialized stores,,Group,N/A,N/A,ND,M,ND,N/A,N/A,VL,VL,M,N/A,VL,L,N/A,N/A,N/A,L,N/A,M,M,VL,N/A,N/A,N/A,N/A
G_47_477,Wholesale and retail trade; repair of motor vehicles and motorcycles,"Retail trade, except of motor vehicles and motorcycles",Retail sale of other goods in specialized stores,,Group,N/A,N/A,ND,M,ND,N/A,N/A,VL,VL,M,N/A,VL,L,N/A,N/A,N/A,L,N/A,M,M,VL,N/A,N/A,N/A,N/A
G_47_475,Wholesale and retail trade; repair of motor vehicles and motorcycles,"Retail trade, except of motor vehicles and motorcycles",Retail sale of other household equipment in specialized stores,,Group,N/A,N/A,ND,M,ND,N/A,N/A,VL,VL,M,N/A,VL,L,N/A,N/A,N/A,L,N/A,M,M,VL,N/A,N/A,N/A,N/A
G_47_478,Wholesale and retail trade; repair of motor vehicles and motorcycles,"Retail trade, except of motor vehicles and motorcycles",Retail sale via stalls and markets,,Group,ND,N/A,ND,M,ND,N/A,N/A,VL,VL,VH,N/A,VL,L,N/A,N/A,VL,L,N/A,H,H,N/A,VH,VH,N/A,N/A
G_47_479,Wholesale and retail trade; repair of motor vehicles and motorcycles,"Retail trade, except of motor vehicles and motorcycles","Retail trade not in stores, stalls or markets",,Group,N/A,N/A,ND,VL,ND,N/A,N/A,ND,L,VL,N/A,VL,L,N/A,N/A,N/A,L,N/A,VL,L,N/A,N/A,N/A,N/A,N/A
G_45_453,Wholesale and retail trade; repair of motor vehicles and motorcycles,Wholesale and retail trade and repair of motor vehicles and motorcycles,Sale of motor vehicle parts and accessories,,Group,N/A,N/A,N/A,M,ND,N/A,N/A,VL,N/A,L,N/A,VL,VL,N/A,N/A,N/A,L,N/A,L,L,VL,N/A,N/A,N/A,N/A
G_45_451,Wholesale and retail trade; repair of motor vehicles and motorcycles,Wholesale and retail trade and repair of motor vehicles and motorcycles,Sale of motor vehicles,,Group,N/A,N/A,N/A,M,ND,N/A,N/A,VL,N/A,L,N/A,VL,VL,N/A,N/A,N/A,L,N/A,L,L,VL,N/A,N/A,N/A,N/A
G_45_454,Wholesale and retail trade; repair of motor vehicles and motorcycles,Wholesale and retail trade and repair of motor vehicles and motorcycles,"Sale, maintenance and repair of motorcycles and related parts and accessories",,Group,N/A,N/A,N/A,M,ND,N/A,N/A,VL,VL,L,N/A,VL,VL,N/A,VL,VL,L,N/A,L,L,VL,N/A,N/A,N/A,N/A
G_46_462,Wholesale and retail trade; repair of motor vehicles and motorcycles,"Wholesale trade, except of motor vehicles and motorcycles",Wholesale of agricultural raw materials and live animals,,Group,N/A,N/A,ND,L,ND,N/A,N/A,VL,N/A,M,N/A,VL,M,N/A,N/A,N/A,L,N/A,L,M,VL,N/A,N/A,N/A,N/A
G_46_463,Wholesale and retail trade; repair of motor vehicles and motorcycles,"Wholesale trade, except of motor vehicles and motorcycles","Wholesale of food, beverages and tobacco",,Group,N/A,N/A,ND,L,ND,N/A,N/A,VL,N/A,L,N/A,VL,M,N/A,N/A,N/A,L,N/A,L,M,VL,N/A,N/A,N/A,N/A
G_46_464,Wholesale and retail trade; repair of motor vehicles and motorcycles,"Wholesale trade, except of motor vehicles and motorcycles",Wholesale of household goods,,Group,N/A,N/A,ND,L,ND,N/A,N/A,VL,N/A,L,N/A,VL,L,N/A,N/A,N/A,L,N/A,L,L,VL,N/A,N/A,N/A,N/A
G_46_465,Wholesale and retail trade; repair of motor vehicles and motorcycles,"Wholesale trade, except of motor vehicles and motorcycles","Wholesale of machinery, equipment and supplies",,Group,N/A,N/A,ND,L,ND,N/A,N/A,VL,N/A,L,N/A,VL,L,N/A,N/A,N/A,L,N/A,L,L,VL,N/A,N/A,N/A,N/A
G_46_461,Wholesale and retail trade; repair of motor vehicles and motorcycles,"Wholesale trade, except of motor vehicles and motorcycles",Wholesale on a fee or contract basis,,Group,N/A,N/A,ND,L,ND,N/A,N/A,ND,N/A,L,N/A,VL,L,N/A,N/A,N/A,L,N/A,L,L,N/A,N/A,N/A,N/A,N/A
H_53_532,Transportation and storage,Postal and courier activities,Courier activities,,Group,ND,N/A,ND,VL,ND,N/A,N/A,ND,ND,VL,N/A,M,VL,N/A,N/A,N/A,L,N/A,L,VL,M,ND,ND,ND,ND
H_51_512,Transportation and storage,Air transport,Freight air transport,,Group,N/A,N/A,ND,L,ND,N/A,VL,VL,VL,VL,N/A,M,VL,N/A,VL,N/A,L,N/A,L,VL,VH,N/A,N/A,N/A,N/A
H_50_502,Transportation and storage,Water transport,Inland water transport,,Group,N/A,N/A,ND,M,M,N/A,VL,VL,VL,H,N/A,M,L,N/A,N/A,N/A,L,N/A,M,M,VH,VH,VH,N/A,ND
H_49_492,Transportation and storage,Land transport and transport via pipelines,Other land transport,,Group,M,N/A,ND,L,ND,N/A,VL,ND,VL,M,N/A,M,VL,N/A,VL,N/A,L,N/A,M,L,M,N/A,VH,N/A,N/A
H_51_511,Transportation and storage,Air transport,Passenger air transport,,Group,N/A,N/A,ND,L,ND,N/A,VL,VL,VL,VL,N/A,M,VL,N/A,VL,N/A,L,N/A,L,L,VH,N/A,VH,N/A,N/A
H_53_531,Transportation and storage,Postal and courier activities,Postal activities,,Group,ND,N/A,ND,VL,ND,N/A,N/A,ND,ND,VL,N/A,M,VL,N/A,N/A,N/A,L,N/A,L,VL,M,ND,ND,ND,ND
H_50_501,Transportation and storage,Water transport,Sea and coastal water transport,,Group,N/A,N/A,ND,L,M,N/A,VL,VL,VL,H,N/A,M,L,N/A,N/A,N/A,L,N/A,H,M,M,VH,VH,N/A,N/A
H_49_493,Transportation and storage,Land transport and transport via pipelines,Transport via pipeline,,Group,N/A,N/A,N/A,H,N/A,N/A,N/A,VL,M,M,N/A,VL,L,N/A,N/A,N/A,L,N/A,L,M,N/A,N/A,N/A,N/A,N/A
H_49_491,Transportation and storage,Land transport and transport via pipelines,Transport via railways,,Group,N/A,N/A,N/A,H,N/A,N/A,VL,VL,VL,M,N/A,M,VL,N/A,VL,N/A,L,N/A,M,L,M,N/A,VH,N/A,N/A
H_52_521,Transportation and storage,Warehousing and support activities for transportation,Warehousing and storage,,Group,N/A,N/A,ND,M,ND,N/A,N/A,VL,VL,VL,N/A,VL,VL,N/A,ND,N/A,L,N/A,L,VL,VL,ND,ND,ND,ND
I_56_563,Accommodation and food service activities,Food and beverage service activities,Beverage serving activities,,Group,N/A,N/A,ND,L,VH,N/A,ND,VL,VL,VL,ND,M,M,N/A,ND,ND,L,N/A,L,L,VL,VH,VH,ND,VH
I_55_552,Accommodation and food service activities,Accommodation,"Camping grounds, recreational vehicle parks and trailer parks",,Group,N/A,VL,M,H,VH,N/A,ND,L,H,H,N/A,H,L,N/A,M,M,L,N/A,H,M,VH,VH,VH,N/A,ND
I_56_562,Accommodation and food service activities,Food and beverage service activities,Event catering and other food service activities,,Group,N/A,N/A,ND,L,VH,N/A,ND,VL,VL,VL,ND,M,M,N/A,ND,ND,L,N/A,VL,L,VL,VH,VH,ND,VH
I_55_559,Accommodation and food service activities,Accommodation,Other accommodation,,Group,N/A,N/A,ND,L,VH,N/A,ND,VL,VL,VL,N/A,VL,L,N/A,M,M,L,N/A,L,L,VL,VH,VH,N/A,N/A
I_56_561,Accommodation and food service activities,Food and beverage service activities,Restaurants and mobile food service activities,,Group,N/A,N/A,ND,L,VH,N/A,ND,VL,VL,VL,ND,M,M,N/A,ND,ND,L,N/A,L,L,M,VH,VH,ND,VH
I_55_551,Accommodation and food service activities,Accommodation,Short term accommodation activities,,Group,N/A,N/A,M,L,VH,N/A,ND,VL,VL,VL,N/A,VL,L,N/A,M,M,L,N/A,L,L,VL,VH,VH,VH,VH
J_62_620,Information and communication,"Computer programming, consultancy and related activities","Computer programming, consultancy and related activities",,Group,N/A,N/A,N/A,VL,N/A,N/A,N/A,VL,N/A,VL,N/A,VL,VL,N/A,N/A,N/A,L,N/A,VL,VL,VL,N/A,N/A,N/A,N/A
J_63_631,Information and communication,Information service activities,"Data processing, hosting and related activities; web portals",,Group,N/A,N/A,N/A,VL,N/A,N/A,N/A,VL,L,VL,N/A,VL,VL,N/A,N/A,N/A,L,N/A,VL,VL,VL,N/A,N/A,N/A,N/A
J_59_591,Information and communication,"Motion picture, video and television programme production, sound recording and music publishing activities","Motion picture, video and television programme activities",,Group,N/A,N/A,N/A,L,N/A,N/A,N/A,VL,N/A,VL,N/A,VL,VL,N/A,N/A,N/A,L,N/A,VL,VL,VL,N/A,VH,VH,N/A
J_63_639,Information and communication,Information service activities,Other information service activities,,Group,N/A,N/A,N/A,VL,N/A,N/A,N/A,N/A,N/A,VL,N/A,VL,VL,N/A,N/A,N/A,L,N/A,VL,VL,VL,N/A,N/A,N/A,N/A
J_61_619,Information and communication,Telecommunications,Other telecommunications activities,,Group,N/A,N/A,N/A,L,N/A,N/A,N/A,VL,N/A,VL,N/A,VL,VL,N/A,N/A,N/A,L,N/A,VL,VL,VL,N/A,N/A,N/A,N/A
J_58_581,Information and communication,Publishing activities,"Publishing of books, periodicals and other publishing activities",,Group,N/A,N/A,N/A,L,N/A,N/A,N/A,VL,VL,VL,N/A,VL,L,N/A,N/A,N/A,L,N/A,VL,L,VL,N/A,VH,VH,N/A
J_60_601,Information and communication,Programming and broadcasting activities,Radio broadcasting,,Group,N/A,N/A,N/A,VL,N/A,N/A,N/A,VL,N/A,VL,N/A,VL,VL,N/A,N/A,N/A,L,N/A,VL,VL,VL,N/A,N/A,VH,N/A
J_61_613,Information and communication,Telecommunications,Satellite telecommunications activities,,Group,N/A,N/A,N/A,M,N/A,N/A,N/A,N/A,N/A,M,N/A,VL,VL,N/A,N/A,N/A,L,N/A,M,L,VL,N/A,N/A,N/A,N/A
J_58_582,Information and communication,Publishing activities,Software publishing,,Group,N/A,N/A,N/A,VL,N/A,N/A,N/A,VL,N/A,VL,N/A,VL,VL,N/A,N/A,N/A,L,N/A,VL,VL,VL,N/A,N/A,N/A,N/A
J_59_592,Information and communication,"Motion picture, video and television programme production, sound recording and music publishing activities",Sound recording and music publishing activities,,Group,N/A,N/A,N/A,VL,N/A,N/A,N/A,VL,N/A,VL,N/A,VL,L,N/A,VL,N/A,L,N/A,M,L,VL,N/A,N/A,N/A,N/A
J_60_602,Information and communication,Programming and broadcasting activities,Television programming and broadcasting activities,,Group,N/A,N/A,N/A,L,N/A,N/A,N/A,VL,N/A,VL,N/A,VL,VL,N/A,N/A,N/A,L,N/A,VL,VL,VL,N/A,N/A,N/A,N/A
J_61_611,Information and communication,Telecommunications,Wired telecommunications activities,,Group,N/A,N/A,N/A,L,N/A,N/A,N/A,VL,N/A,M,N/A,VL,VL,N/A,N/A,N/A,L,N/A,M,L,VL,N/A,N/A,N/A,N/A
J_61_612,Information and communication,Telecommunications,Wireless telecommunications activities,,Group,N/A,N/A,N/A,L,N/A,N/A,N/A,N/A,N/A,L,N/A,VL,VL,N/A,N/A,N/A,L,N/A,L,L,VL,N/A,N/A,N/A,N/A
K_66_661,Financial and insurance activities,Activities auxiliary to financial service and insurance activities,"Activities auxiliary to financial service activities, except insurance and pension funding",,Group,N/A,N/A,N/A,VL,N/A,N/A,N/A,N/A,N/A,VL,N/A,VL,VL,N/A,N/A,N/A,L,N/A,VL,VL,N/A,N/A,N/A,N/A,N/A
K_66_662,Financial and insurance activities,Activities auxiliary to financial service and insurance activities,Activities auxiliary to insurance and pension funding,,Group,N/A,N/A,N/A,VL,N/A,N/A,N/A,N/A,N/A,VL,N/A,VL,VL,N/A,N/A,N/A,L,N/A,VL,VL,N/A,N/A,N/A,N/A,N/A
K_64_642,Financial and insurance activities,"Financial service activities, except insurance and pension funding",Activities of holding companies,,Group,N/A,N/A,N/A,VL,N/A,N/A,N/A,N/A,N/A,VL,N/A,VL,VL,N/A,N/A,N/A,L,N/A,VL,VL,N/A,ND,ND,ND,ND
K_66_663,Financial and insurance activities,Activities auxiliary to financial service and insurance activities,Fund management activities,,Group,N/A,N/A,N/A,VL,N/A,N/A,N/A,N/A,N/A,VL,N/A,VL,VL,N/A,N/A,N/A,L,N/A,VL,VL,N/A,N/A,N/A,N/A,N/A
K_65_651,Financial and insurance activities,"Insurance, reinsurance and pension funding, except compulsory social security",Insurance,,Group,N/A,N/A,N/A,VL,N/A,N/A,N/A,N/A,N/A,VL,N/A,VL,VL,N/A,N/A,N/A,L,N/A,VL,VL,N/A,N/A,N/A,N/A,N/A
K_64_641,Financial and insurance activities,"Financial service activities, except insurance and pension funding",Monetary intermediation,,Group,N/A,N/A,N/A,VL,N/A,N/A,N/A,N/A,N/A,VL,N/A,VL,VL,N/A,N/A,N/A,L,N/A,VL,VL,N/A,N/A,N/A,N/A,N/A
K_64_649,Financial and insurance activities,"Financial service activities, except insurance and pension funding","Other financial service activities, except insurance and pension funding activities",,Group,N/A,N/A,N/A,VL,N/A,N/A,N/A,N/A,N/A,VL,N/A,VL,VL,N/A,N/A,N/A,L,N/A,VL,VL,N/A,N/A,N/A,N/A,N/A
K_65_653,Financial and insurance activities,"Insurance, reinsurance and pension funding, except compulsory social security",Pension funding,,Group,N/A,N/A,N/A,VL,N/A,N/A,N/A,N/A,N/A,VL,N/A,VL,VL,N/A,N/A,N/A,L,N/A,VL,VL,N/A,N/A,N/A,N/A,N/A
K_65_652,Financial and insurance activities,"Insurance, reinsurance and pension funding, except compulsory social security",Reinsurance,,Group,N/A,N/A,N/A,VL,N/A,N/A,N/A,N/A,N/A,VL,N/A,VL,VL,N/A,N/A,N/A,L,N/A,VL,VL,N/A,N/A,N/A,N/A,N/A
K_64_643,Financial and insurance activities,"Financial service activities, except insurance and pension funding","Trusts, funds and similar financial entities",,Group,N/A,N/A,N/A,VL,N/A,N/A,N/A,N/A,N/A,VL,N/A,VL,VL,N/A,N/A,N/A,L,N/A,VL,VL,N/A,N/A,N/A,N/A,N/A
L_68_682,Real estate activities,Real estate activities,Real estate activities on a fee or contract basis,,Group,N/A,N/A,N/A,M,N/A,N/A,N/A,N/A,VL,VL,N/A,VL,VL,N/A,VL,VL,L,N/A,L,VL,N/A,N/A,VH,N/A,N/A
L_68_681,Real estate activities,Real estate activities,Real estate activities with own or leased property,,Group,N/A,N/A,N/A,M,N/A,N/A,N/A,N/A,VL,VL,N/A,VL,VL,N/A,VL,VL,L,N/A,L,VL,N/A,N/A,VH,N/A,N/A
M_69_692,"Professional, scientific and technical activities",Legal and accounting activities,"Accounting, bookkeeping and auditing activities; tax consultancy",,Group,N/A,N/A,N/A,VL,N/A,N/A,N/A,ND,N/A,VL,N/A,VL,VL,N/A,VL,VL,L,N/A,L,VL,N/A,ND,ND,ND,ND
M_70_701,"Professional, scientific and technical activities",Activities of head offices; management consultancy activities,Activities of head offices,,Group,N/A,N/A,N/A,VL,N/A,N/A,N/A,ND,N/A,VL,N/A,VL,VL,N/A,VL,VL,L,N/A,L,VL,N/A,N/A,N/A,N/A,N/A
M_73_731,"Professional, scientific and technical activities",Advertising and market research,Advertising,,Group,N/A,N/A,N/A,VL,N/A,N/A,N/A,ND,N/A,VL,N/A,VL,VL,N/A,VL,VL,VL,N/A,L,VL,N/A,N/A,N/A,N/A,N/A
M_71_711,"Professional, scientific and technical activities",Architectural and engineering activities; technical testing and analysis,Architectural and engineering activities and related technical consultancy,,Group,N/A,N/A,N/A,M,N/A,N/A,N/A,ND,N/A,VL,N/A,VL,L,N/A,VL,VL,L,N/A,L,VL,N/A,N/A,N/A,N/A,N/A
M_69_691,"Professional, scientific and technical activities",Legal and accounting activities,Legal activities,,Group,N/A,N/A,N/A,VL,N/A,N/A,N/A,VL,N/A,VL,N/A,VL,L,N/A,VL,VL,VL,N/A,L,VL,N/A,ND,ND,ND,ND
M_70_702,"Professional, scientific and technical activities",Activities of head offices; management consultancy activities,Management consultancy activities,,Group,N/A,N/A,N/A,VL,N/A,N/A,N/A,ND,N/A,VL,N/A,VL,VL,N/A,VL,VL,VL,N/A,L,VL,N/A,N/A,N/A,N/A,N/A
M_73_732,"Professional, scientific and technical activities",Advertising and market research,Market research and public opinion polling,,Group,N/A,N/A,N/A,VL,N/A,N/A,N/A,ND,N/A,VL,N/A,VL,L,N/A,VL,VL,L,N/A,L,VL,N/A,N/A,N/A,N/A,N/A
M_74_749,"Professional, scientific and technical activities","Other professional, scientific and technical activities","Other professional, scientific and technical activities n.e.c.",,Group,N/A,L,ND,VL,VL,N/A,N/A,ND,N/A,VL,VL,ND,VL,ND,VL,VL,L,N/A,L,VL,N/A,N/A,N/A,VH,N/A
M_74_742,"Professional, scientific and technical activities","Other professional, scientific and technical activities",Photographic activities,,Group,N/A,N/A,N/A,VL,N/A,N/A,N/A,ND,N/A,VL,N/A,VL,L,N/A,VL,VL,L,N/A,L,L,N/A,N/A,VH,VH,N/A
M_72_721,"Professional, scientific and technical activities",Scientific research and development,Research and experimental development on natural sciences and engineering,,Group,N/A,L,L,VL,M,N/A,VL,VL,VL,VL,M,L,L,N/A,VL,VL,L,L,L,L,N/A,N/A,N/A,VH,N/A
M_72_722,"Professional, scientific and technical activities",Scientific research and development,Research and experimental development on social sciences and humanities,,Group,N/A,N/A,ND,VL,N/A,N/A,N/A,ND,N/A,VL,N/A,VL,L,N/A,VL,VL,L,N/A,L,L,N/A,N/A,N/A,N/A,VH
M_74_741,"Professional, scientific and technical activities","Other professional, scientific and technical activities",Specialized design activities,,Group,N/A,N/A,VL,VL,N/A,N/A,N/A,ND,N/A,VL,N/A,ND,L,N/A,VL,VL,L,N/A,L,VL,N/A,VH,VH,N/A,VH
M_71_712,"Professional, scientific and technical activities",Architectural and engineering activities; technical testing and analysis,Technical testing and analysis,,Group,N/A,N/A,ND,VL,N/A,N/A,N/A,ND,N/A,L,N/A,VL,L,N/A,VL,VL,L,N/A,M,L,N/A,N/A,N/A,VH,N/A
M_75_750,"Professional, scientific and technical activities",Veterinary activities,Veterinary activities,,Group,M,N/A,ND,VL,VL,N/A,N/A,L,VL,M,N/A,ND,L,N/A,VL,VL,L,N/A,M,M,N/A,N/A,N/A,VH,N/A
N_82_822,Administrative and support service activities,"Office administrative, office support and other business support activities",Activities of call centres,,Group,N/A,N/A,N/A,VL,N/A,N/A,N/A,ND,N/A,VL,N/A,VL,VL,N/A,N/A,N/A,L,N/A,VL,VL,VL,N/A,N/A,N/A,N/A
N_78_781,Administrative and support service activities,Employment activities,Activities of employment placement agencies,,Group,N/A,N/A,N/A,VL,N/A,N/A,N/A,ND,N/A,VL,N/A,VL,VL,N/A,N/A,N/A,L,N/A,VL,VL,VL,N/A,ND,N/A,N/A
N_82_829,Administrative and support service activities,"Office administrative, office support and other business support activities",Business support service activities n.e.c.,,Group,N/A,N/A,N/A,VL,N/A,N/A,N/A,ND,N/A,VL,N/A,VL,VL,N/A,N/A,N/A,L,N/A,VL,VL,VL,N/A,N/A,N/A,N/A
N_81_812,Administrative and support service activities,Services to buildings and landscape activities,Cleaning activities,,Group,N/A,N/A,ND,VL,VL,N/A,N/A,ND,N/A,VL,N/A,VL,M,N/A,N/A,N/A,L,N/A,VL,L,VL,N/A,N/A,N/A,N/A
N_81_811,Administrative and support service activities,Services to buildings and landscape activities,Combined facilities support activities,,Group,N/A,N/A,ND,VL,VL,N/A,N/A,ND,N/A,VL,N/A,ND,VL,N/A,N/A,N/A,L,N/A,VL,VL,VL,N/A,ND,N/A,N/A
N_80_803,Administrative and support service activities,Security and investigation activities,Investigation activities,,Group,VL,N/A,N/A,VL,N/A,N/A,N/A,ND,N/A,VL,N/A,VL,VL,N/A,N/A,N/A,L,N/A,VL,VL,VL,N/A,N/A,N/A,N/A
N_81_813,Administrative and support service activities,Services to buildings and landscape activities,Landscape care and maintenance service activities,,Group,N/A,N/A,L,H,VH,M,M,M,M,M,N/A,M,M,ND,N/A,N/A,M,VL,M,M,M,ND,VH,VH,VH
N_77_774,Administrative and support service activities,Rental and leasing activities,"Leasing of intellectual property and similar products, except copyrighted works",,Group,N/A,N/A,N/A,VL,N/A,N/A,N/A,ND,N/A,VL,N/A,ND,L,N/A,N/A,N/A,L,N/A,VL,VL,ND,N/A,N/A,N/A,N/A
N_82_821,Administrative and support service activities,"Office administrative, office support and other business support activities",Office administrative and support activities,,Group,N/A,N/A,N/A,VL,N/A,N/A,N/A,ND,N/A,VL,N/A,VL,VL,N/A,N/A,N/A,L,N/A,VL,VL,VL,N/A,N/A,N/A,N/A
N_82_823,Administrative and support service activities,"Office administrative, office support and other business support activities",Organization of conventions and trade shows,,Group,N/A,ND,ND,VL,N/A,N/A,N/A,VL,N/A,VL,N/A,VL,VL,N/A,VL,N/A,L,N/A,VL,VL,VL,VH,VH,VH,VH
N_78_783,Administrative and support service activities,Employment activities,Other human resources provision,,Group,N/A,N/A,N/A,VL,N/A,N/A,N/A,ND,N/A,VL,N/A,VL,VL,N/A,N/A,N/A,L,N/A,VL,VL,VL,ND,ND,ND,ND
N_79_799,Administrative and support service activities,"Travel agency, tour operator, reservation service and related activities",Other reservation service and related activities,,Group,N/A,N/A,N/A,VL,N/A,N/A,N/A,ND,L,VL,N/A,VL,VL,N/A,VL,VL,L,N/A,VL,VL,L,VH,VH,VH,VH
N_80_801,Administrative and support service activities,Security and investigation activities,Private security activities,,Group,VL,ND,N/A,VL,ND,N/A,N/A,ND,N/A,VL,N/A,VL,VL,N/A,N/A,N/A,L,N/A,VL,VL,VL,ND,ND,ND,ND
N_77_771,Administrative and support service activities,Rental and leasing activities,Renting and leasing of motor vehicles,,Group,N/A,ND,N/A,L,ND,N/A,N/A,ND,N/A,M,N/A,VL,VL,N/A,N/A,N/A,L,N/A,L,L,VL,VH,VH,ND,ND
N_77_773,Administrative and support service activities,Rental and leasing activities,"Renting and leasing of other machinery, equipment and tangible goods",,Group,VL,ND,N/A,VL,ND,N/A,N/A,ND,N/A,M,N/A,VL,VL,N/A,N/A,N/A,L,N/A,M,L,VL,VH,VH,VH,ND
N_77_772,Administrative and support service activities,Rental and leasing activities,Renting and leasing of personal and household goods,,Group,N/A,ND,N/A,VL,N/A,N/A,N/A,ND,N/A,VL,N/A,VL,VL,N/A,N/A,N/A,L,N/A,VL,VL,VL,VH,VH,ND,ND
N_80_802,Administrative and support service activities,Security and investigation activities,Security systems service activities,,Group,N/A,N/A,VL,VL,N/A,N/A,N/A,ND,N/A,VL,N/A,ND,VL,N/A,N/A,N/A,L,N/A,VL,VL,N/A,ND,N/A,N/A,ND
N_78_782,Administrative and support service activities,Employment activities,Temporary employment agency activities,,Group,N/A,N/A,N/A,VL,N/A,N/A,N/A,ND,N/A,VL,N/A,VL,VL,N/A,N/A,N/A,L,N/A,VL,VL,N/A,ND,ND,ND,ND
O_84_841,Public administration and defence; compulsory social security,Public administration and defence; compulsory social security,Administration of the State and the economic and social policy of the community,,Group,N/A,N/A,N/A,VL,N/A,N/A,N/A,VL,N/A,VL,N/A,VL,L,N/A,N/A,N/A,L,N/A,VL,L,VL,ND,ND,ND,ND
O_84_843,Public administration and defence; compulsory social security,Public administration and defence; compulsory social security,Compulsory social security activities,,Group,N/A,N/A,N/A,VL,N/A,N/A,N/A,VL,N/A,VL,N/A,VL,L,N/A,N/A,N/A,L,N/A,VL,L,VL,ND,ND,ND,ND
O_84_842,Public administration and defence; compulsory social security,Public administration and defence; compulsory social security,Provision of services to the community as a whole,,Group,N/A,N/A,N/A,VL,N/A,N/A,N/A,VL,N/A,VL,N/A,VL,L,N/A,N/A,N/A,L,N/A,VL,L,VL,ND,ND,ND,ND
P_85_855,Education,Education,Educational support activities,,Group,N/A,N/A,VL,L,ND,N/A,N/A,VL,VL,VL,N/A,VL,VL,N/A,VL,N/A,L,N/A,VL,VL,VL,VH,VH,VH,VH
P_85_853,Education,Education,Higher education,,Group,N/A,N/A,VL,L,ND,N/A,N/A,VL,VL,M,N/A,VL,VL,N/A,VL,N/A,L,N/A,M,L,VL,VH,VH,VH,VH
P_85_854,Education,Education,Other education,,Group,N/A,N/A,VL,L,N/A,N/A,N/A,VL,VL,M,VL,VL,VL,N/A,VL,N/A,L,N/A,M,L,VL,VH,VH,VH,VH
P_85_851,Education,Education,Pre-primary and primary education,,Group,N/A,N/A,VL,L,ND,N/A,N/A,VL,VL,M,N/A,VL,VL,N/A,VL,N/A,L,N/A,M,L,VL,VH,VH,VH,VH
P_85_852,Education,Education,Secondary education,,Group,N/A,N/A,VL,L,ND,N/A,N/A,VL,VL,M,N/A,VL,VL,N/A,VL,N/A,L,N/A,M,L,VL,VH,VH,VH,VH
Q_86_861,Human health and social work activities,Human health activities,Hospital activities,,Group,N/A,N/A,M,L,VH,N/A,N/A,VL,VL,H,N/A,VL,M,N/A,VL,VL,L,N/A,H,H,N/A,N/A,VH,N/A,VH
Q_86_862,Human health and social work activities,Human health activities,Medical and dental practice activities,,Group,N/A,N/A,M,L,VH,N/A,N/A,VL,VL,M,N/A,VL,M,N/A,VL,VL,L,N/A,M,M,N/A,N/A,VH,ND,VH
Q_86_869,Human health and social work activities,Human health activities,Other human health activities,,Group,N/A,N/A,M,L,VH,N/A,N/A,VL,VL,M,N/A,VL,L,N/A,VL,VL,L,N/A,M,M,N/A,N/A,VH,VH,VH
Q_87_879,Human health and social work activities,Residential care activities,Other residential care activities,,Group,N/A,N/A,M,L,VH,N/A,N/A,VL,VL,M,N/A,VL,L,N/A,VL,VL,L,N/A,M,M,N/A,N/A,VH,N/A,VH
Q_88_889,Human health and social work activities,Social work activities without accommodation,Other social work activities without accommodation,,Group,N/A,N/A,M,L,ND,N/A,N/A,VL,VL,M,N/A,VL,VL,N/A,VL,VL,L,N/A,M,L,N/A,N/A,VH,N/A,VH
Q_87_872,Human health and social work activities,Residential care activities,"Residential care activities for mental retardation, mental health and substance abuse",,Group,N/A,N/A,M,L,VH,N/A,N/A,VL,VL,M,N/A,VL,L,N/A,VL,VL,L,N/A,M,M,N/A,N/A,VH,N/A,VH
Q_87_873,Human health and social work activities,Residential care activities,Residential care activities for the elderly and disabled,,Group,N/A,N/A,M,L,VH,N/A,N/A,VL,VL,M,N/A,VL,L,N/A,VL,VL,L,N/A,M,M,N/A,N/A,VH,N/A,VH
Q_87_871,Human health and social work activities,Residential care activities,Residential nursing care facilities,,Group,N/A,N/A,M,L,VH,N/A,N/A,VL,VL,M,N/A,VL,L,N/A,VL,VL,L,N/A,M,M,N/A,N/A,VH,N/A,VH
Q_88_881,Human health and social work activities,Social work activities without accommodation,Social work activities without accommodation for the elderly and disabled,,Group,N/A,N/A,M,VL,ND,N/A,N/A,VL,VL,VL,N/A,VL,L,N/A,VL,VL,L,N/A,VL,L,N/A,N/A,VH,N/A,VH
R_90_900,"Arts, entertainment and recreation","Creative, arts and entertainment activities","Creative, arts and entertainment activities",,Group,N/A,N/A,VL,VL,VL,N/A,N/A,VL,VL,VL,N/A,L,VL,N/A,VL,VL,L,N/A,VL,VL,VL,ND,VH,N/A,VH
R_92_920,"Arts, entertainment and recreation",Gambling and betting activities,Gambling and betting activities,,Group,N/A,N/A,VL,VL,N/A,N/A,N/A,VL,N/A,VL,N/A,VL,VL,N/A,VL,N/A,L,N/A,VL,VL,VL,N/A,N/A,N/A,N/A
R_91_910,"Arts, entertainment and recreation","Libraries, archives, museums and other cultural activities","Libraries, archives, museums and other cultural activities",,Group,N/A,N/A,VL,VL,VL,N/A,N/A,VL,VL,M,N/A,L,VL,N/A,VL,VL,L,N/A,L,L,VL,VH,VH,N/A,VH
R_93_932,"Arts, entertainment and recreation",Sports activities and amusement and recreation activities,Other amusement and recreation activities,,Group,M,L,L,VL,VL,N/A,N/A,VL,L,M,N/A,M,VL,N/A,VL,VL,L,VL,M,L,VL,VH,VH,N/A,VH
R_93_931,"Arts, entertainment and recreation",Sports activities and amusement and recreation activities,Sports activities,,Group,M,L,M,VL,VL,VL,N/A,VL,L,M,N/A,M,L,VL,VL,VL,L,N/A,M,M,M,VH,VH,N/A,N/A
S_94_941,Other service activities,Activities of membership organizations,"Activities of business, employers and professional membership organizations",,Group,N/A,N/A,N/A,VL,N/A,N/A,N/A,VL,N/A,VL,N/A,VL,VL,N/A,N/A,N/A,L,N/A,VL,VL,VL,N/A,N/A,N/A,N/A
S_94_949,Other service activities,Activities of membership organizations,Activities of other membership organizations,,Group,N/A,N/A,N/A,VL,N/A,N/A,N/A,VL,N/A,VL,N/A,VL,VL,N/A,ND,N/A,L,N/A,VL,VL,VL,N/A,N/A,N/A,N/A
S_94_942,Other service activities,Activities of membership organizations,Activities of trade unions,,Group,N/A,N/A,N/A,VL,N/A,N/A,N/A,VL,N/A,VL,N/A,VL,VL,N/A,ND,N/A,L,N/A,VL,VL,VL,N/A,N/A,N/A,N/A
S_96_960,Other service activities,Other personal service activities,Other personal service activities,,Group,N/A,N/A,ND,VL,N/A,N/A,N/A,ND,N/A,VL,N/A,VL,VL,N/A,N/A,N/A,L,N/A,VL,VL,VL,N/A,N/A,N/A,N/A
S_95_951,Other service activities,Repair of computers and personal and household goods,Repair of computers and communication equipment,,Group,N/A,N/A,VL,VL,ND,N/A,N/A,N/A,N/A,M,N/A,VL,M,N/A,N/A,N/A,L,N/A,M,L,VL,N/A,N/A,N/A,N/A
S_95_952,Other service activities,Repair of computers and personal and household goods,Repair of personal and household goods,,Group,N/A,N/A,VL,VL,ND,N/A,N/A,N/A,VL,M,N/A,VL,M,N/A,N/A,N/A,L,N/A,M,L,VL,N/A,N/A,N/A,N/A
T_97_970,Activities of households as employers; undifferentiated goods- and services-producing activities of households for own use,Activities of households as employers of domestic personnel,Activities of households as employers of domestic personnel,,Group,N/A,N/A,N/A,VL,ND,N/A,N/A,N/A,N/A,VL,N/A,VL,L,N/A,N/A,N/A,L,N/A,VL,L,VL,N/A,N/A,N/A,N/A
T_98_981,Activities of households as employers; undifferentiated goods- and services-producing activities of households for own use,Undifferentiated goods- and services-producing activities of private households for own use,Undifferentiated goods-producing activities of private households for own use,,Group,ND,VH,ND,VL,ND,ND,N/A,VL,N/A,VL,N/A,VL,L,ND,N/A,N/A,L,M,VL,L,VL,N/A,N/A,N/A,N/A
T_98_982,Activities of households as employers; undifferentiated goods- and services-producing activities of households for own use,Undifferentiated goods- and services-producing activities of private households for own use,Undifferentiated service-producing activities of private households for own use,,Group,ND,ND,ND,VL,ND,ND,N/A,VL,N/A,VL,N/A,VL,L,ND,N/A,N/A,L,N/A,VL,L,VL,N/A,N/A,N/A,N/A
U_99_990,Activities of extraterritorial organizations and bodies,Activities of extraterritorial organizations and bodies,Activities of extraterritorial organizations and bodies,,Group,N/A,N/A,N/A,VL,VL,N/A,N/A,N/A,VL,VL,N/A,VL,VL,N/A,N/A,N/A,L,N/A,VL,VL,N/A,N/A,N/A,N/A,N/A
D_35_351,"Electricity, gas, steam and air conditioning supply","Electricity, gas, steam and air conditioning supply","Electric power generation, transmission and distribution",Transmission and distribution of electricity,Class,N/A,N/A,L,L,N/A,N/A,N/A,N/A,N/A,M,N/A,VL,VL,N/A,VL,N/A,L,N/A,M,L,VL,N/A,N/A,N/A,N/A
,,,,,,,,,,,,,,,,,,,,,,,,,,,,,,
