Pressures(/Impact drivers),Mechanism causing state change,Ecosystem component,Link between pressures and mechanisms,Timescale,Direct vs. indirect,Spatial characteristics,Reference,Long reference,Article link
Area of Freshwater use,Diseases,Species,The use of freshwater ecosystems for aquaculture can lead to impacts on native species and the ecosystem through the introduction of exotic pathogens.,Short - Long term,Direct,Local to regional â€“ impacts could be in the area of the fish farm or further downstream,"Salunke et al., 2020 ; Bondad-Reantaso et al., 2018 ; Arthur and Subasinghe, 2002","Salunke, M., Kalyankar, A., Khedkar, C. D., Shingare, M., & Khedkar, G. D. (2020). A review on shrimp aquaculture in India: historical perspective, constraints, status and future implications for impacts on aquatic ecosystem and biodiversity. Reviews in Fisheries Science & Aquaculture, 28(3), 283-302 ; Bondad-Reantaso, M. G., Garrido-Gamarro, E., & McGladdery, S. E. (2018). Climate change-driven hazards on food safety and aquatic animal health. Impacts of climate change on fisheries and aquaculture, 517. ; Arthur, J. R., & Subasinghe, R. P. (2002). Potential adverse socio-economic and biological impacts of aquatic animal pathogens due to hatchery-based enhancement of inland open-water systems, and possibilities for their minimisation. FAO Fisheries Technical Paper, 406, 113-126.",https://www.tandfonline.com/doi/full/10.1080/23308249.2020.1723058 ; https://www.researchgate.net/profile/Alejandro-Ramirez-54/publication/326274301_Current_anthropogenic_stress_and_projected_effect_of_climate_change_on_global_inland_fisheries/links/5b43cdff458515f71cb8892c/Current-anthropogenic-stress-and-projected-effect-of-climate-change-on-global-inland-fisheries.pdf#page=541 ; https://www.fao.org/3/y3610e/y3610e12.htm
Area of Freshwater use,Droughts,Water,Using freshwater ecosystems as water storage infrastructure such as dams and reservoirs can affect the hydrological flow in downstream regions and can possibly lead to drought conditions.,Short - Long term,Direct,Regional to global - impacts can affect downstream countries,"Keovilignavong et al., 2023","Keovilignavong, O., Nguyen, T. H., & Hirsch, P. (2023). Reviewing the causes of Mekong drought before and during 2019â€“20. International Journal of Water Resources Development, 39(1), 155-175.",https://www.tandfonline.com/doi/full/10.1080/07900627.2021.1967112
Area of Freshwater use,Flooding,Structural and Biotic Integrity,Artificial river alteration for flood control can impact the dynamics of freshwater aquatic organisms.,Mid - Long term,Direct,Local - impacts can negatively affect migratory species,"Usuda et al., 2012","Usuda, H., Morita, T., & Hasegawa, M. (2012). Impacts of river alteration for flood control on freshwater turtle populations. Landscape and Ecological Engineering, 8, 9-16.",https://link.springer.com/article/10.1007/s11355-010-0136-x
Area of Freshwater use,Flooding,Land geomorphology,"The removal of riparian vegetation impairs the ability of freshwater ecosystems to provide flood control. Vegetated floodplains help to reduce the force, height and volume of floodwaters, and the root systems of streamside forest and emergent aquatic vegetation increase the infiltration of water into the soil.",Short - Long term,Direct,Local to regional - the removal of riparian vegetation can increase flooding in the local area and in downstream regions,"Cohen R. A., 2017; Olokeogun et al., 2020","Cohen R. A., 2017. Fact Sheet #1 : Functions of Riparian Areas for Flood Control, Massachusetts Department of Fish and Game, Division of Ecological Restoration. Available at: https://archives.lib.state.ma.us/handle/2452/617362 [Accessed: 23/05/2023]; Olokeogun, O. S., Ayanlade, A., & Popoola, O. O. (2020). Assessment of riparian zone dynamics and its flood-related implications in Eleyele area of Ibadan, Nigeria. Environmental Systems Research, 9(1), 1-11.",https://archives.lib.state.ma.us/bitstream/handle/2452/617362/ocn971134562.pdf?sequence=1&isAllowed=y ; https://environmentalsystemsresearch.springeropen.com/articles/10.1186/s40068-020-00167-4 
Area of Freshwater use,Land /freshwater/ seabed area modification,Structural and Biotic Integrity,"Using freshwater ecosystems can cause modifications to the area in many ways. For example, building dams to generate energy, overfishing and logging in wetlands can all lead to habitat modification.",Short - Long term,Direct,Local to regional - impacts could be in the area of use or further up or downstream,"Kong et al., 2016 ; Castello et al., 2013","Kong, X., He, W., Liu, W., Yang, B., Xu, F., JÃ¸rgensen, S. E., & Mooij, W. M. (2016). Changes in food web structure and ecosystem functioning of a large, shallow Chinese lake during the 1950s, 1980s and 2000s. Ecological Modelling, 319, 31-41. ; Castello, L., McGrath, D.G., Hess, L.L., Coe, M.T., Lefebvre, P.A., Petry, P., Macedo, M.N., RenÃ³, V.F. and Arantes, C.C. 2013. The vulnerability of Amazon freshwater ecosystems. Conservation Letters, 6(4): 217â€“229.",https://www.sciencedirect.com/science/article/pii/S0304380015003014?via%3Dihub ; https://conbio.onlinelibrary.wiley.com/doi/full/10.1111/conl.12008
Area of Freshwater use,Change in species composition,Species,"Using freshwater ecosystems as a fish farming system can impact native fish species by creating competition for source, predation, hybridization, and parasite/disease transport.",Short - Long term,Direct,Local to regional - impacts could be in the area of use or further up or downstream,"ErtÃ¼rk and YalÃ§in, 2019","ErtÃ¼rk GÃ¼rkan, S., & YalÃ§in Ã–zdilek, Åž. (2019). The effects of trout culture on diet and food availability of native freshwater fish populations. Aquaculture Research, 50(4), 1212-1219.",https://onlinelibrary.wiley.com/doi/10.1111/are.13995
Area of Freshwater use,Weather conditions,Species,"Freshwater abstraction in lakes can alter local water budget thus reducing the lake surface area also affecting local weather conditions such as air temperature and evaporation rates. This can affect habitat loss and affecting the species population of birds, insects and aquatic organisms.",Short - Long term,Direct,Local to regional - impacts could be in the area of the fish farm or further downstream,"Ã‡olak et al., 2022","Ã‡olak, M. A., Ã–ztaÅŸ, B., Ã–zgencil, Ä°. K., Soyluer, M., Korkmaz, M., RamÃ­rez-GarcÃ­a, A., ... & AkyÃ¼rek, Z. (2022). Increased water abstraction and climate change have substantial effect on morphometry, salinity, and biotic communities in lakes: Examples from the semi-arid burdur basin (Turkey). Water, 14(8), 1241.",https://www.mdpi.com/2073-4441/14/8/1241
Area of Freshwater use,Weather conditions,Atmosphere,"Using freshwater ecosystems as water storage infrastructure such as dams and reservoirs can affect the local meteorological conditions (temperature, humidity, precipitation) of the surrounding areas.",Mid - Long term,Direct,Local - impacts can have local cooling and warming atmospheric effect,"Afzal et al., 2023 ; ","Afzal, J., Yihong, Z., Qayum, M., Afzal, U., & Aslam, M. (2023). Effects of dam on temperature, humidity and precipitation of surrounding area: a case study of Gomal Zam Dam in Pakistan. Environmental Science and Pollution Research, 30(6), 14592-14603.",https://link.springer.com/article/10.1007/s11356-022-23112-7
Area of land use,Diseases,Species,Terrestrial land use can lead to increased disease which may affect the breeding sites of disease vectors and/or the abundance and number of disease vector species.,Mid - Long term,Direct,Local - areas where terrestrial ecosystems are being used will be most impacted,"Skinner et al., 2023 ; White & Razgour 2020 ; Weinstein et al., 2020 ; Patz et al., 2008","Skinner, E. B., Glidden, C. K., MacDonald, A. J., & Mordecai, E. A. (2023). Human footprint is associated with shifts in the assemblages of major vector-borne diseases. Nature Sustainability, 1-10. ; White, R. J., & Razgour, O. (2020). Emerging zoonotic diseases originating in mammals: a systematic review of effects of anthropogenic landâ€use change. Mammal Review, 50(4), 336-352. ; Weinstein, J. S., Leslie, T. F., & von Fricken, M. E. (2020). Spatial associations between land use and infectious disease: Zika Virus in Colombia. International Journal of Environmental Research and Public Health, 17(4), 1127. ; Patz, J. A., Olson, S. H., Uejio, C. K., & Gibbs, H. K. (2008). Disease emergence from global climate and land use change. Medical Clinics of North America, 92(6), 1473-1491.",https://www.nature.com/articles/s41893-023-01080-1 ; https://onlinelibrary.wiley.com/doi/full/10.1111/mam.12201 ; https://www.mdpi.com/1660-4601/17/4/1127 ; https://www.sciencedirect.com/science/article/abs/pii/S0025712508001004
Area of land use,Droughts,Water,Terrestrial land use can lead to droughts through urbanisation and deforestation.,Short - Long term,Indirect,Local to regional - land use change may have local and more wide ranging effects,"Taiwo et al., 2023 ; Zhou et al., 2019 ; Zipper et al., 2019 ; Van Loon et al., 2016","Taiwo, B. E., Kafy, A. A., Samuel, A. A., Rahaman, Z. A., Ayowole, O. E., Shahrier, M., ... & Abosede, O. O. (2023). Monitoring and predicting the influences of land use/land cover change on cropland characteristics and drought severity using remote sensing techniques. Environmental and Sustainability Indicators, 18, 100248. ; Zhou, J., Li, Q., Wang, L., Lei, L., Huang, M., Xiang, J., ... & Zhu, G. (2019). Impact of climate change and land-use on the propagation from meteorological drought to hydrological drought in the eastern Qilian Mountains. Water, 11(8), 1602. ; Zipper, S. C., Keune, J., & Kollet, S. J. (2019). Land use change impacts on European heat and drought: remote land-atmosphere feedbacks mitigated locally by shallow groundwater. Environmental Research Letters, 14(4), 044012. ; Van Loon, A. F., Gleeson, T., Clark, J., Van Dijk, A. I., Stahl, K., Hannaford, J., ... & Van Lanen, H. A. (2016). Drought in the Anthropocene. Nature Geoscience, 9(2), 89-91.",https://www.sciencedirect.com/science/article/pii/S2665972723000259 ; https://www.mdpi.com/2073-4441/11/8/1602 ; https://iopscience.iop.org/article/10.1088/1748-9326/ab0db3 ; https://www.nature.com/articles/ngeo2646
Area of land use,Droughts,Atmosphere,Terrestrial land use can lead to droughts through changes in atmospheric and radiative energy balances.,Mid - Long term,Indirect,Local to regional - land use change may have local and more wide ranging effects,"Zipper et al., 2019","Zipper, S. C., Keune, J., & Kollet, S. J. (2019). Land use change impacts on European heat and drought: remote land-atmosphere feedbacks mitigated locally by shallow groundwater. Environmental Research Letters, 14(4), 044012.",https://iopscience.iop.org/article/10.1088/1748-9326/ab0db3
Area of land use,Fires,Structural and Biotic Integrity,"Terrestrial land use can both increase and suppress fire. For example, clearing land with fire can lead to out of control fires but also a reduction in fuel for natural fires.",Short - Long term,Direct,Local - areas where terrestrial ecosystems are being used will be most impacted.,Cochrane & Bowman 2021 ; SantÃ­n & Doerr 2016,"Cochrane, M. A., & Bowman, D. M. (2021). Manage fire regimes, not fires. Nature Geoscience, 14(7), 455-457. ; SantÃ­n, C., & Doerr, S. H. (2016). Fire effects on soils: the human dimension. Philosophical Transactions of the Royal Society B: Biological Sciences, 371(1696), 20150171.",https://www.nature.com/articles/s41561-021-00791-4 ; https://royalsocietypublishing.org/doi/full/10.1098/rstb.2015.0171
Area of land use,Flooding,Structural and Biotic Integrity,"The use of terrestrial ecosystems can have significant effects on flooding. For example, urbanisation and agricultural intensification can increase flood hazards.",Short - Long term,Direct,Local to regional - impacts can be local but also further downstream.,"Zhang et al., 2023 ; Rajib et al., 2023 ; IPCC, 2023 ; Adnan et al., 2020 ; Siswanto & FrancÃ©s 2019","Zhang, M., Zhai, G., He, T., & Wu, C. (2023). A growing global threat: Long-term trends show cropland exposure to flooding on the rise. Science of The Total Environment, 899, 165675. ; Rajib, A., Zheng, Q., Lane, C. R., Golden, H. E., Christensen, J. R., Isibor, I. I., & Johnson, K. (2023). Human alterations of the global floodplains 1992â€“2019. Scientific Data, 10(1), 499. ; IPCC, 2023: Climate Change 2023: Synthesis Report. A Report of the Intergovernmental Panel on Climate Change. Contribution of Working Groups I, II and III to the Sixth Assessment Report of the Intergovernmental Panel on Climate Change [Core Writing Team, H. Lee and J. Romero (eds.)]. IPCC, Geneva, Switzerland, (in press) ; Adnan, M. S. G., Abdullah, A. Y. M., Dewan, A., & Hall, J. W. (2020). The effects of changing land use and flood hazard on poverty in coastal Bangladesh. Land Use Policy, 99, 104868. ; Siswanto, S. Y., & FrancÃ©s, F. (2019). How land use/land cover changes can affect water, flooding and sedimentation in a tropical watershed: a case study using distributed modeling in the Upper Citarum watershed, Indonesia. Environmental Earth Sciences, 78, 1-15.",https://www.sciencedirect.com/science/article/pii/S0048969723042985 ; https://www.nature.com/articles/s41597-023-02382-x ; https://www.ipcc.ch/report/ar6/syr/ ; https://www.sciencedirect.com/science/article/pii/S0264837720305470 ; https://link.springer.com/article/10.1007/s12665-019-8561-0
Area of land use,Land /freshwater/ seabed area modification,Structural and Biotic Integrity,Land use change including urban expansion can result in biodiversity loss and loss of ecosystem integrity at the local level but it also occurs on a global scale.,Short - Long term,Direct,Local to regional - impacts can favour certain species that can inhabit urban infrastructure,"Li et al., 2022","Li, G., Fang, C., Li, Y., Wang, Z., Sun, S., He, S., ... & Liu, X. (2022). Global impacts of future urban expansion on terrestrial vertebrate diversity.Â Nature communications,Â 13(1), 1628.",https://www.nature.com/articles/s41467-022-29324-2
Area of land use,Land /freshwater/ seabed area modification,Soils and sediments,Land use change due to human activities have impacted soils through heavy metal pollution and excessive use of fertilizers. This has altered the physical properties of the soils and the community structure of organisms.,Short - Long term,Direct,"Global, but occuring at various rates on regional and local scales","Smith et al., 2016 ; ","Smith, P., House, J. I., Bustamante, M., SobockÃ¡, J., Harper, R., Pan, G., ... & Pugh, T. A. (2016). Global change pressures on soils from land use and management.Â Global change biology,Â 22(3), 1008-1028. ; ",https://onlinelibrary.wiley.com/doi/full/10.1111/gcb.13068 ; 
Area of land use,Landslides,Structural and Biotic Integrity,Terrestrial land use can lead to landslides. Land use change is one of the most important factors influencing rainfall-triggered landslides.,Short - Long term,Direct,Local - the areas where land use change has occurred will be most impacted.,"Dandridge et al., 2023 ; Pacheco Quevedo et al ., 2023 ; Persichillo et al., 2017","Dandridge, C., Stanley, T., Kirschbaum, D., Amatya, P., & Lakshmi, V. (2023). The influence of land use and land cover change on landslide susceptibility in the Lower Mekong River Basin. Natural Hazards, 115(2), 1499-1523. ; Pacheco Quevedo, R., Velastegui-Montoya, A., MontalvÃ¡n-Burbano, N., Morante-Carballo, F., Korup, O., & Daleles RennÃ³, C. (2023). Land use and land cover as a conditioning factor in landslide susceptibility: a literature review. Landslides, 20(5), 967-982. ; Persichillo, M. G., Bordoni, M., & Meisina, C. (2017). The role of land use changes in the distribution of shallow landslides. Science of the total environment, 574, 924-937.",https://link.springer.com/article/10.1007/s11069-022-05604-4 ; https://link.springer.com/article/10.1007/s10346-022-02020-4 ; https://www.sciencedirect.com/science/article/pii/S0048969716320551
Area of land use,Land /freshwater/ seabed area modification,Structural and Biotic Integrity,Minerals and metal ore extraction from species-rich biomes along with their mine wastes impact the structural and biotic integrity of ecosystems,Short - Long term,Direct and Indirect,Local to regional - impacts can vary depending on the extent of the mining area,"Aska et al., 2024 ; Luckeneder et al., 2021","Aska, B., Franks, D. M., Stringer, M., & Sonter, L. J. (2024). Biodiversity conservation threatened by global mining wastes. Nature Sustainability, 7(1), 23-30. ; Luckeneder, S., Giljum, S., Schaffartzik, A., Maus, V., & Tost, M. (2021). Surge in global metal mining threatens vulnerable ecosystems.Â Global Environmental Change,Â 69, 102303.",https://www.nature.com/articles/s41893-023-01251-0 ; https://www.sciencedirect.com/science/article/pii/S0959378021000820
Area of land use,Land /freshwater/ seabed area modification,Minerals,Minerals and metal ore extraction from the environment deplete resources thus causing implications for sustainable resource utilisation,Short - Long term,Direct,Local to regional - impacts can vary depending on the extent of the mining area,"Ponomarenko et al., 2021 ; Palacios et al., 2018 ; Prior et al., 2012","Ponomarenko, T., Nevskaya, M., & Jonek-Kowalska, I. (2021). Mineral resource depletion assessment: Alternatives, problems, results. Sustainability, 13(2), 862. ; Palacios, J. L., Calvo, G., Valero, A., & Valero, A. (2018). The cost of mineral depletion in Latin America: An exergoecology view. Resources Policy, 59, 117-124. ; Prior, T., Giurco, D., Mudd, G., Mason, L., & Behrisch, J. (2012). Resource depletion, peak minerals and the implications for sustainable resource management. Global environmental change, 22(3), 577-587.",https://www.sciencedirect.com/science/article/pii/S0301420717305263 ; https://www.mdpi.com/2071-1050/13/2/862 ; https://www.sciencedirect.com/science/article/pii/S0959378011001361
Area of land use,Land /freshwater/ seabed area modification,Land geomorphology,"Transport network infrastructure (trails, roads, railways, tunnels, causeways, waterways, airports, etc.) can alter different geomorphological processes on hillslope and fluvial landscapes like the movement of earth material, geomorphic connectivity, slope instability, sediment production, gully initiation and surface runoff.",Short - Long term,Direct,Local - local geomorphological and hydrogeological features and properties can be impacted,"Roy, S. 2022","Roy, S. (2022). Role of transportation infrastructures on the alteration of hillslope and fluvial geomorphology. The Anthropocene Review, 9(3), 344-378.",https://journals.sagepub.com/doi/abs/10.1177/20530196221128371
Area of Seabed use,Diseases,Species,"Cultivation of large numbers of animals for aquaculture can lead to the inadvertant movement of harmful organisms associated with the host species, spreading diseases through populations of farmed and wild species. ",Short - Long term,Direct,Local to regional - diseases can be spread to wider regions through populations of infected species.,"Shinn et al., 2023 ; MartÃ­nezâ€GarcÃ­a et al., 2022 ; Bailey et al., 2020 ; ICES 2005","Shinn, A. P., Avenantâ€Oldewage, A., Bondadâ€Reantaso, M. G., Cruzâ€Laufer, A. J., GarcÃ­aâ€VÃ¡squez, A., HernÃ¡ndezâ€Orts, J. S., ... & Deveney, M. R. (2023). A global review of problematic and pathogenic parasites of farmed tilapia. Reviews in Aquaculture, 15, 92-153. ; MartÃ­nezâ€GarcÃ­a, M. F., Ruesink, J. L., Grijalvaâ€Chon, J. M., Lodeiros, C., Arreolaâ€LizÃ¡rraga, J. A., de la Reâ€Vega, E., ... & ChÃ¡vezâ€Villalba, J. (2022). Socioecological factors related to aquaculture introductions and production of Pacific oysters (Crassostrea gigas) worldwide. Reviews in Aquaculture, 14(2), 613-629. ; Bailey, S. A., Brown, L., Campbell, M. L., Canningâ€Clode, J., Carlton, J. T., Castro, N., ... & Zhan, A. (2020). Trends in the detection of aquatic nonâ€indigenous species across global marine, estuarine and freshwater ecosystems: A 50â€year perspective. Diversity and Distributions, 26(12), 1780-1797. ; International Council for the Exploration of the Sea. (2005). ICES Code of Practice on the Introductions and Transfers of Marine Organisms 2005. International Council for the Exploration of the Sea.",https://onlinelibrary.wiley.com/doi/full/10.1111/raq.12742 ; https://onlinelibrary.wiley.com/doi/abs/10.1111/raq.12615 ; https://onlinelibrary.wiley.com/doi/full/10.1111/ddi.13167 ; https://corpslakes.erdc.dren.mil/employees/invasive/pdfs/ICES_Code_of_Practice_2005.pdf
Area of Seabed use,Land /freshwater/ seabed area modification,Structural and Biotic Integrity,"Using the seabed can modify the seabed in many ways. For example, selectively removing certain species, physical disturbance (e.g. trawling), and building offshore infrastructure can all lead to habitat modification.",Short - Long term,Direct,Local - impacts can negatively affect local habitat structure,"Cook et al., 2024 ; Costa et al., 2024 ; Bartholomew et al., 2022 ; Chen et al., 2022","Cook, D. T., Schmitt, R. J., Holbrook, S. J., & Moeller, H. V. (2024). Modeling the effects of selectively fishing key functional groups of herbivores on coral resilience. Ecosphere, 15(1), e4749. ; Costa, J. A., Schwarz, R., & Perez, J. A. A. (2024). Cumulative ecosystem pressures exerted by demersal fisheries in the Brazilian Meridional Margin: Hotspots and refuges. Ocean & Coastal Management, 247, 106935. ; Bartholomew, A., Burt, J. A., & Firth, L. B. (2022). Artificial reefs in the Arabian Gulf: Benefits, challenges and recommendations for policy-makers. Regional Studies in Marine Science, 102723. ; Chen, Q., Jian, S., & Chen, P. (2022). Changes in the functional feeding groups of macrobenthos following artificial reef construction in Daya Bay, China. Global Ecology and Conservation, 33, e01978.",https://esajournals.onlinelibrary.wiley.com/doi/full/10.1002/ecs2.4749 ; https://www.sciencedirect.com/science/article/pii/S096456912300460X ; https://www.sciencedirect.com/science/article/pii/S2352485522003188 ; https://www.sciencedirect.com/science/article/pii/S235198942100528X
Area of Seabed use,Land /freshwater/ seabed area modification,Minerals,"The use of the seabed for mining minerals can cause physico-chemical alteration of the environment thereby affecting the native marine species, pelagic and benthopelagic biota.",Short - Long term,Direct and Indirect,Local - areas where human activity takes place will be most impacted,"Christiansen et al., 2020 ; Simon-LledÃ³ et al., 2019","Christiansen, B., Denda, A., & Christiansen, S. (2020). Potential effects of deep seabed mining on pelagic and benthopelagic biota.Â Marine Policy,Â 114, 103442. ; Simon-LledÃ³, E., Bett, B. J., Huvenne, V. A., KÃ¶ser, K., Schoening, T., Greinert, J., & Jones, D. O. (2019). Biological effects 26 years after simulated deep-sea mining. Scientific reports, 9(1), 8040.",https://www.sciencedirect.com/science/article/pii/S0308597X18306407 ; https://www.nature.com/articles/s41598-019-44492-w
Area of Seabed use,Pollutants concentration change,Water,"Disturbance to the seabed can cause organic pollution (i.e., nitrates, organic matter) through a range of mechanisms thus altering the water quality of the region.",Short term,Direct and Indirect,Local - water quality within the water column can have different properties due to local physical features,"Fan et al., 2023","Fan, J., Kuang, C., Liu, H., Wang, D., Liu, J., Wang, G., & Zou, Q. (2023). Impact of Artificial Islands and Reefs on Water Quality in Jinmeng Bay, China. Water, 15(5), 959.",https://www.mdpi.com/2073-4441/15/5/959
Area of Seabed use,Land /freshwater/ seabed area modification,Ocean geomorphology,"Decommissioning of offshore wind farm might influence changes to seabed morphology, sediment movements, and water quality.",Mid - Long term,Direct,Local - areas where human activity takes place will be most impacted,"Hall et al., 2022","Hall, R., Topham, E., & JoÃ£o, E. (2022). Environmental Impact Assessment for the decommissioning of offshore wind farms.Â Renewable and Sustainable Energy Reviews,Â 165, 112580.",https://www.sciencedirect.com/science/article/pii/S1364032122004762
"Disturbances (e.g noise, light) - Light",Change in species population size,Species,"Disturbances including noise and light are a form of pollution which has negative impacts on numerous species in aquatic and terrestrial environments. For example, a light source can mimick as natural light from moon or sun attracting insects during night time and expending biological energy thus impacting their population.",Mid - Long term,Direct,Local - impact can affect local insect population,"Owens et al., 2020","Owens, A. C., Cochard, P., Durrant, J., Farnworth, B., Perkin, E. K., & Seymoure, B. (2020). Light pollution is a driver of insect declines. Biological Conservation, 241, 108259.",https://www.sciencedirect.com/science/article/pii/S0006320719307797?via%3Dihub
"Disturbances (e.g noise, light) - Light",Pests,Species,"Disturbances including noise and light are a form of pollution which has negative impacts on numerous species in aquatic and terrestrial environments. For example, artificial light can mimick as natural light from sun favouring resilient pest species populations to thrive.  ",Short - Long term,Direct,Local to regional - impact can be in the local area but also further afield,"Tielens et al., 2021","Tielens, E. K., Cimprich, P. M., Clark, B. A., DiPilla, A. M., Kelly, J. F., Mirkovic, D., ... & Stepanian, P. M. (2021). Nocturnal city lighting elicits a macroscale response from an insect outbreak population. Biology Letters, 17(3), 20200808.",https://royalsocietypublishing.org/doi/10.1098/rsbl.2020.0808
"Disturbances (e.g noise, light) - Noise",Change in species population size,Species,"Disturbances including noise and light are a form of pollution which has negative impacts on numerous species in aquatic and terrestrial environments. In marine environments, noise from human activities can attract or deter marine mammals disturbing them from their normal physical activities.",Mid - Long term,Direct,Local to regional - impact can be in the local area but also further afield,"Duarte et al., 2021 ; Peng et al., 2015","Duarte, C. M., Chapuis, L., Collin, S. P., Costa, D. P., Devassy, R. P., Eguiluz, V. M., ... & Juanes, F. (2021). The soundscape of the Anthropocene ocean. Science, 371(6529), eaba4658. ; Peng, C., Zhao, X., & Liu, G. (2015). Noise in the sea and its impacts on marine organisms. International journal of environmental research and public health, 12(10), 12304-12323.",https://www.science.org/doi/10.1126/science.aba4658 ; https://www.mdpi.com/1660-4601/12/10/12304
Emissions of GHG,Changes in Ocean current and circulation,Atmosphere,GHG emissions alters climate patterns which is linked to changes in ocean currents and circulation.,Long term,Indirect,"Local to global - global-scale thermohaline currents will be disrupted, with knock-on effects for more localised currents and circulations","IPCC, 2023","IPCC, 2023: Climate Change 2023: Synthesis Report. A Report of the Intergovernmental Panel on Climate Change. Contribution of Working Groups I, II and III to the Sixth Assessment Report of the Intergovernmental Panel on Climate Change [Core Writing Team, H. Lee and J. Romero (eds.)]. IPCC, Geneva, Switzerland, (in press)",https://www.ipcc.ch/report/ar6/syr/
Emissions of GHG,Droughts,Water,"The effects of GHG emissions have been detected throughout the climate system, linked to a number of changes in climate extremes and increases in the frequency and intensity of ecosystem disturbances, such as droughts.",Long term,Indirect,Local to regional - the areas where droughts occur,"IPCC, 2023","IPCC, 2023: Climate Change 2023: Synthesis Report. A Report of the Intergovernmental Panel on Climate Change. Contribution of Working Groups I, II and III to the Sixth Assessment Report of the Intergovernmental Panel on Climate Change [Core Writing Team, H. Lee and J. Romero (eds.)]. IPCC, Geneva, Switzerland, (in press)",https://www.ipcc.ch/report/ar6/syr/
Emissions of GHG,Fires,Atmosphere,"The effects of greenhouse gas emissions have been detected throughout the climate system, linked to a number of changes in climate extremes and increases in the frequency and intensity of ecosystem disturbances, such as wildfires.",Long term,Indirect,Local to regional - the areas where wildfires occur,"IPCC, 2023","IPCC, 2023: Climate Change 2023: Synthesis Report. A Report of the Intergovernmental Panel on Climate Change. Contribution of Working Groups I, II and III to the Sixth Assessment Report of the Intergovernmental Panel on Climate Change [Core Writing Team, H. Lee and J. Romero (eds.)]. IPCC, Geneva, Switzerland, (in press)",https://www.ipcc.ch/report/ar6/syr/
Emissions of GHG,Land /freshwater/ seabed area modification,Structural and Biotic Integrity,"Greenhouse gas emissions lead to changes in climate affecting the the availability of abiotic resources (e.g. water) and the biological composition of communities, changing the habitats in which species live and thus altering/favouring certain species.",Long term,Indirect,Local to global - climate is changing on a global level but some local-scale habitats are more resilient or more susceptible to change than others,"Zevallos and Lavado-Casimiro, 2022 ; Chakraborty et al., 2013 ; Heubes et al., 2011","Zevallos, J., & Lavado-Casimiro, W. (2022). Climate change impact on Peruvian biomes. Forests, 13(2), 238 ; Chakraborty, A., Joshi, P. K., Ghosh, A., & Areendran, G. (2013). Assessing biome boundary shifts under climate change scenarios in India. Ecological indicators, 34, 536-547 ;  Heubes, J., KÃ¼hn, I., KÃ¶nig, K., Wittig, R., Zizka, G., & Hahn, K. (2011). Modelling biome shifts and tree cover change for 2050 in West Africa. Journal of Biogeography, 38(12), 2248-2258.",https://www.mdpi.com/1999-4907/13/2/238 ; https://www.sciencedirect.com/science/article/pii/S1470160X13002446 ; https://onlinelibrary.wiley.com/doi/10.1111/j.1365-2699.2011.02560.x 
Emissions of GHG,Ocean acidification,Structural and Biotic Integrity,"As carbon dioxide is dissolved in the ocean the molecules react with carbonate ions to produce bicarbonate, which decays to release protons, lowering the ocean pH. This can result in decreased survival, calicification, growth, development and abundance of many species including species important to structural integrity such as corals.",Long term,Direct,"Global, but occuring at various rates on regional and local scales","Nagelkerken and Connell, 2022 ; Kroeker et al., 2013 ; Hofmann and Schellnhuber, 2010","Nagelkerken, I., & Connell, S. D. (2022). Ocean acidification drives global reshuffling of ecological communities. Global Change Biology, 28(23), 7038-7048 ; Kroeker, K. J., Kordas, R. L., Crim, R., Hendriks, I. E., Ramajo, L., Singh, G. S., ... & Gattuso, J. P. (2013). Impacts of ocean acidification on marine organisms: quantifying sensitivities and interaction with warming. Global change biology, 19(6), 1884-1896 ; Hofmann, M. & Schellnhuber, H. 2010. Ocean acidification: a millenial challenge. Energy & Environment Science, 3(12), 1883-1896",https://onlinelibrary.wiley.com/doi/full/10.1111/gcb.16410 ; https://onlinelibrary.wiley.com/doi/full/10.1111/gcb.12179 ; https://pubs.rsc.org/en/content/articlelanding/2010/ee/c000820f/ ; 
Emissions of GHG,Pests,Species,"Pest species are likely to differ in their responses to climate change, changing the relative impacts of different pests geographically and can negatively affect native species composition.",Long term,Indirect,Local to global - climate is changing on a global level with changes in individual pest species occuring at more local and regional scales,"IPCC, 2023 ; Deutsch et al., 2018 ; Singh et al., 2023","IPCC, 2023: Climate Change 2023: Synthesis Report. A Report of the Intergovernmental Panel on Climate Change. Contribution of Working Groups I, II and III to the Sixth Assessment Report of the Intergovernmental Panel on Climate Change [Core Writing Team, H. Lee and J. Romero (eds.)]. IPCC, Geneva, Switzerland, (in press) ; Deutsch, C. A., Tewksbury, J. J., Tigchelaar, M., Battisti, D. S., Merrill, S. C., Huey, R. B., & Naylor, R. L. (2018). Increase in crop losses to insect pests in a warming climate. Science, 361(6405), 916-919 ; Singh, B. K., Delgado-Baquerizo, M., Egidi, E., Guirado, E., Leach, J. E., Liu, H., & Trivedi, P. (2023). Climate change impacts on plant pathogens, food security and paths forward. Nature Reviews Microbiology, 1-17 ; ",https://www.ipcc.ch/report/ar6/syr/ ; https://www.science.org/doi/10.1126/science.aat3466 ; https://www.nature.com/articles/s41579-023-00900-7
Emissions of GHG,Pollutants concentration change,Atmosphere,"Emissions of greenhouse gases such as carbon dioxide, methane, nitrous oxide and fluorinated gases contribute to atmospheric pollution and thus impacting their concentration.",Short - Long term,Direct,"Local to global - local areas and regions differ in their emission of greenhouse gas emissions, however this form of pollution acts on a global scale","IPCC, 2023","IPCC, 2023: Climate Change 2023: Synthesis Report. A Report of the Intergovernmental Panel on Climate Change. Contribution of Working Groups I, II and III to the Sixth Assessment Report of the Intergovernmental Panel on Climate Change [Core Writing Team, H. Lee and J. Romero (eds.)]. IPCC, Geneva, Switzerland, (in press)",https://www.ipcc.ch/report/ar6/syr/
Emissions of GHG,Sea level rise,Water,Glacier mass loss and ocean thermal expansion from climate change linked to anthropogenic greenhouse gas emissions leads to rises in sea level and thus threatening low lying human settlement along the coasts.,Long term,Indirect,Local to global - sea level rise occurs on a global scale but the rates of sea level rise over broad regions can vary due to patterns of ocean circulation,"IPCC, 2023","IPCC, 2023: Climate Change 2023: Synthesis Report. A Report of the Intergovernmental Panel on Climate Change. Contribution of Working Groups I, II and III to the Sixth Assessment Report of the Intergovernmental Panel on Climate Change [Core Writing Team, H. Lee and J. Romero (eds.)]. IPCC, Geneva, Switzerland, (in press)",https://www.ipcc.ch/report/ar6/syr/
Emissions of GHG,Sea surface temperature,Water,Greenhouse gas emissions affects sea surface temperature that causes change in ocean surface warming.,Long term,Indirect,Local to global - changes will occur global with the most pronounced warming in certain regions e.g. high latitudes,"IPCC, 2023","IPCC, 2023: Climate Change 2023: Synthesis Report. A Report of the Intergovernmental Panel on Climate Change. Contribution of Working Groups I, II and III to the Sixth Assessment Report of the Intergovernmental Panel on Climate Change [Core Writing Team, H. Lee and J. Romero (eds.)]. IPCC, Geneva, Switzerland, (in press)",https://www.ipcc.ch/report/ar6/syr/
Emissions of GHG,Storms,Water,"The effects of greenhouse gas emissions have been detected throughout the climate system, linked to a number of changes in climate extremes and increases in the frequency and intensity of ecosystem disturbances, such as storms.",Long term,Indirect,Regional to global - climate is changing on a global level with the frequency and intensity of storms increasing across many regions,"IPCC, 2023 ; Moreira et al., 2023","IPCC, 2023: Climate Change 2023: Synthesis Report. A Report of the Intergovernmental Panel on Climate Change. Contribution of Working Groups I, II and III to the Sixth Assessment Report of the Intergovernmental Panel on Climate Change [Core Writing Team, H. Lee and J. Romero (eds.)]. IPCC, Geneva, Switzerland, (in press) ; Moreira, C. V. M., Costa, M. R. A. D., & Becker, V. (2023). Impacts of extreme precipitation events in water quality: a scientometric analysis in global scale. Acta Limnologica Brasiliensia, 35, e17.",https://www.ipcc.ch/report/ar6/syr/ ; https://www.scielo.br/j/alb/a/whswD88xcsNJgfZDnRz7sZh/
Emissions of GHG,Droughts,Structural and Biotic Integrity,The increased effects of GHG emissions on temperature leads to more frequent and warmer droughts thus reducing the gross ecosystem productvity and impacting biotic integrity of the ecosystem.,Mid - Long term,Indirect,Local to regional - the impacted areas occur to the extents of the ecosystem,"Chen et al., 2022 ; Gampe et al., 2021","Chen, J., Shao, Z., Huang, X., Zhuang, Q., Dang, C., Cai, B., ... & Ding, Q. (2022). Assessing the impact of drought-land cover change on global vegetation greenness and productivity. Science of The Total Environment, 852, 158499. ; Gampe, D., Zscheischler, J., Reichstein, M., Oâ€™Sullivan, M., Smith, W. K., Sitch, S., & Buermann, W. (2021). Increasing impact of warm droughts on northern ecosystem productivity over recent decades.Â Nature Climate Change,Â 11(9), 772-779.",https://www.sciencedirect.com/science/article/pii/S004896972205598X ; https://www.nature.com/articles/s41558-021-01112-8
Emissions of GHG,Storms,Structural and Biotic Integrity,"Increasing storm frequency and intensity due to GHG emissions interact with lake and watershed attributes and restructure communities (e.g., phytoplankton) and their dynamics thus altering ecological functions.",Short term,Direct,Local to regional - storm impacts can affect local biotic structure and species populations,"Stockwell et al., 2020 ; Hoke et al., 2020 ; Potter 2014","Stockwell, J. D., Doubek, J. P., Adrian, R., Anneville, O., Carey, C. C., Carvalho, L., ... & Wilson, H. L. (2020). Storm impacts on phytoplankton community dynamics in lakes.Â Global change biology,Â 26(5), 2756-2784. ; Hoke, A., Woodhouse, J., Zoccarato, L., McCarthy, V., de Eyto, E., CalderÃ³-Pascual, M., ... & Jennings, E. (2020). Impacts of extreme weather events on bacterial community composition of a temperate humic Lake. Water, 12(10), 2757. ; Potter, C. (2014). Global assessment of damage to coastal ecosystem vegetation from tropical storms. Remote sensing letters, 5(4), 315-322.",https://onlinelibrary.wiley.com/doi/full/10.1111/gcb.15033 ; https://www.mdpi.com/2073-4441/12/10/2757 ; https://www.tandfonline.com/doi/full/10.1080/2150704X.2014.902546
Emissions of GHG,Weather conditions,Species,Emissions of greenhouse gases such as carbon dioxide can alter local meteorological conditions such as temperature and humidity. It can affect species with narrow temperature tolerance and can affect their population size and community composition.,Long term,Indirect,Local to global - climate is changing on a global level with changes in individual species ranges occuring at more local and regional scales,"Scharnhorst et al., 2023 ; IPCC, 2023 ; Urban M. C., 2015","Scharnhorst, V. S., Thierolf, K., Neumayer, J., Becsi, B., Formayer, H., Lanner, J., ... & Pachinger, B. (2023). Changes in Community Composition and Functional Traits of Bumblebees in an Alpine Ecosystem Relate to Climate Warming. Biology, 12(2), 316 ; IPCC, 2023: Climate Change 2023: Synthesis Report. A Report of the Intergovernmental Panel on Climate Change. Contribution of Working Groups I, II and III to the Sixth Assessment Report of the Intergovernmental Panel on Climate Change [Core Writing Team, H. Lee and J. Romero (eds.)]. IPCC, Geneva, Switzerland, (in press) ; Urban, M. C. (2015). Accelerating extinction risk from climate change. Science, 348(6234), 571-573.",https://www.mdpi.com/2079-7737/12/2/316 ; https://www.ipcc.ch/report/ar6/syr/ ; https://www.science.org/doi/10.1126/science.aaa4984
Emissions of GHG,Weather conditions,Atmosphere,Greenhouse gas emissions cause changes in weather patterns by altering the balance between incoming energy reaching the earth's surface and energy radiated back to space (radiative forcing).,Long term,Indirect,"Local to global - climate is changing on a global level, with some regions experiencing more rapid and/or intensive changes in weather than others","Bellouin et al., 2020 ; IPCC, 2023","Bellouin, N., Quaas, J., Gryspeerdt, E., Kinne, S., Stier, P., Watsonâ€Parris, D., ... & Stevens, B. (2020). Bounding global aerosol radiative forcing of climate change. Reviews of Geophysics, 58(1), e2019RG000660 ; IPCC, 2023: Climate Change 2023: Synthesis Report. A Report of the Intergovernmental Panel on Climate Change. Contribution of Working Groups I, II and III to the Sixth Assessment Report of the Intergovernmental Panel on Climate Change [Core Writing Team, H. Lee and J. Romero (eds.)]. IPCC, Geneva, Switzerland, (in press)",https://agupubs.onlinelibrary.wiley.com/doi/10.1029/2019RG000660 ; https://www.ipcc.ch/report/ar6/syr/
Emissions of Non-GHG air pollutants,Land /freshwater/ seabed area modification,Structural and Biotic Integrity,"Pollutants including sulphur dioxide and nitrogen oxides contribute to acid rain, which can modify the abiotic conditions and ecological community structure of habitats. Furthermore, some pollutants, such as ozone have lethal and/or sub-lethal effects on some plant species, modifying the species that make up habitats and thus habitat physical structure.",Mid - Long term,Indirect,Regional - impacts affect large regions ,"Stevens et al., 2020 ; Grantz et al., 2003 ; Cairney and Meharg, 1999","Stevens, C. J., Bell, J. N. B., Brimblecombe, P., Clark, C. M., Dise, N. B., Fowler, D., ... & Wolseley, P. A. (2020). The impact of air pollution on terrestrial managed and natural vegetation. Philosophical Transactions of the Royal Society A, 378(2183), 20190317 ; Grantz, D. A., Garner, J. H. B., & Johnson, D. W. (2003). Ecological effects of particulate matter. Environment international, 29(2-3), 213-239 ; Cairney, J. W. G., & Meharg, A. A. (1999). Influences of anthropogenic pollution on mycorrhizal fungal communities. Environmental Pollution, 106(2), 169-182",https://royalsocietypublishing.org/doi/10.1098/rsta.2019.0317 ; https://www.sciencedirect.com/science/article/pii/S0160412002001812 ; https://www.sciencedirect.com/science/article/pii/S0269749199000810 
Emissions of Non-GHG air pollutants,Pollutants concentration change,Structural and Biotic Integrity,"Pollutants including sulphur dioxide and nitrogen oxides contribute to acid rain, which can modify the abiotic conditions and ecological community structure of habitats. ",Mid - Long term,Indirect,Local to regional - impact can be in the local area but also further afield,"Bhuiyan et al., 2018 ; McMullin et al., 2016 ; Likens et al., 1996 ; APIS, 2016","Bhuiyan, M. A., Khan, H. U. R., Zaman, K., & Hishan, S. S. (2018). Measuring the impact of global tropospheric ozone, carbon dioxide and sulfur dioxide concentrations on biodiversity loss. Environmental research, 160, 398-411. ; McMullin, R. T., Bennett, L. L., Bjorgan, O. J., Bourque, D. A., Burke, C. J., Clarke, M. A., ... & Newmaster, S. G. (2016). Relationships between air pollution, population density, and lichen biodiversity in the Niagara Escarpment World Biosphere Reserve. The Lichenologist, 48(5), 593-605 ; Likens, G. E., Driscoll, C. T., & Buso, D. C. (1996). Long-term effects of acid rain: response and recovery of a forest ecosystem. Science, 272(5259), 244-246 ; Air Pollution Information System (APIS). 2016. Available at: http://www.apis.ac.uk/ [accessed on 26/05/2023]",https://www.sciencedirect.com/science/article/pii/S0013935117313804?via%3Dihub ; https://www.cambridge.org/core/journals/lichenologist/article/abs/relationships-between-air-pollution-population-density-and-lichen-biodiversity-in-the-niagara-escarpment-world-biosphere-reserve/A4E7ED47F8E5344187AA253B27D00E36 ; https://www.science.org/doi/abs/10.1126/science.272.5259.244
Emissions of Non-GHG air pollutants,Pollutants concentration change,Soils and sediments,"Pollutants including sulphur dioxide, nitrogen oxides contribute to acid rain that get deposited on soil and increase the rate of soil acidification processes. This can affect the belowground processes by altering the microbial biomass, fine root biomass and soil respiration.",Mid - Long term,Indirect,Local to regional - impact can be in the local area but also other regions,"Meng et al., 2019","Meng, C., Tian, D., Zeng, H., Li, Z., Yi, C., & Niu, S. (2019). Global soil acidification impacts on belowground processes. Environmental Research Letters, 14(7), 074003",https://iopscience.iop.org/article/10.1088/1748-9326/ab239c/meta
Emissions of Non-GHG air pollutants,Pollutants concentration change,Atmosphere,"Emissions including carbon monoxide, ozone, aerosols, nitrogen dioxide, sulphur dioxide and formaldehyde contribute to atmospheric pollution.",Short - Long term,Direct,"Local to global - emissions often occur locally, but atmospheric lifetimes are long enough for them to be transported across continents","Akimoto, 2003 ; Fiore et al., 2012 ; Fowler et al., 2020","Akimoto, H. 2003. Global air quality and pollution. Science, 302, 1716-1719 ; Fiore, A. M., Naik, V., Spracklen, D. V., Steiner, A., Unger, N., Prather, M., ... & Zeng, G. (2012). Global air quality and climate. Chemical Society Reviews, 41(19), 6663-6683 ; Fowler, D., Brimblecombe, P., Burrows, J., Heal, M. R., Grennfelt, P., Stevenson, D. S., ... & Vieno, M. (2020). A chronology of global air quality. Philosophical Transactions of the Royal Society A, 378(2183), 20190314.",https://www.science.org/doi/full/10.1126/science.1092666 ; https://pubs.rsc.org/en/content/articlehtml/2012/cs/c2cs35095e ; https://royalsocietypublishing.org/doi/10.1098/rsta.2019.0314
Emissions of Non-GHG air pollutants,Weather conditions,Atmosphere,"Non-GHG air pollutants can influence climate and weather conditions, for example aerosols affect radiative forcing, and carbon monoxide interacts in the atmosphere to increase the potency of other greenhouse gases.",Short - Long term,Indirect,Regional to global - impacts are mostly observed at large regional levels but can also be global,"Bellouin et al., 2020 ; Akimoto, 2003 ; Daniel and Solomon, 1998","Bellouin, N., Quaas, J., Gryspeerdt, E., Kinne, S., Stier, P., Watsonâ€Parris, D., ... & Stevens, B. (2020). Bounding global aerosol radiative forcing of climate change. Reviews of Geophysics, 58(1), e2019RG000660 ; Akimoto, H. 2003. Global air quality and pollution. Science, 302, 1716-1719 ; Daniel, J. S., & Solomon, S. (1998). On the climate forcing of carbon monoxide. Journal of Geophysical Research: Atmospheres, 103(D11), 13249-13260 ; ",https://agupubs.onlinelibrary.wiley.com/doi/10.1029/2019RG000660 ; https://www.science.org/doi/10.1126/science.1092666 ; https://agupubs.onlinelibrary.wiley.com/doi/abs/10.1029/98JD00822
Emissions of nutrient pollutants to water and soil,Pests,Species,"Nutrient enrichment can aggravate pest species growth. For example, evidence suggest that in some ecosystems good water quality can result in fewer pests such as those in observed in the mangrove ecosystems of southwestern China.",Short - Long term,Direct,Local - areas where pest population is high can be impacted,"Zhang et al., 2018","Zhang, R., Liang, S., Ou, M., & Xiong, Q. (2018, August). Evaluation of water quality for mangrove ecosystem using artificial neural networks. InÂ 2018 International Conference on Advanced Mechatronic Systems (ICAMechS)Â (pp. 257-261). IEEE.",https://ieeexplore.ieee.org/abstract/document/8507061
Emissions of nutrient pollutants to water and soil,Pollutants concentration change,Structural and Biotic Integrity,Nutrient enrichment in aquatic ecosystems can lead to changes in habitat structure and function by altering/favouring species population.,Short - Long term,Indirect,Local - areas where pollutant inputs are observed can be impacted,"Adams et al., 2020 ; Smith et al., 1999 ; ","Adams, J. B., Taljaard, S., Van Niekerk, L., & Lemley, D. A. (2020). Nutrient enrichment as a threat to the ecological resilience and health of South African microtidal estuaries. African Journal of Aquatic Science, 45(1-2), 23-40. ; Smith, V. H., Tilman, G. D., & Nekola, J. C. (1999). Eutrophication: impacts of excess nutrient inputs on freshwater, marine, and terrestrial ecosystems.Â Environmental pollution,Â 100(1-3), 179-196.",https://www.tandfonline.com/doi/abs/10.2989/16085914.2019.1677212 ; https://www.sciencedirect.com/science/article/pii/S0269749199000913
Emissions of nutrient pollutants to water and soil,Pollutants concentration change,Atmosphere,Eutrophication in freshwaters have been found to favor GHG production and emissions and is likely to significantly promote aquatic GHG fluxes and strengthen the greenhouse effect.,Short - Long term,Direct,Local to global - impacts can be observed ranging from local to global level,"Kumar et al., 2023 ; Nguyen et al., 2022 ; Li et al., 2021 ","Kumar, A., Mishra, S., Bakshi, S., Upadhyay, P., & Thakur, T. K. (2023). Response of eutrophication and water quality drivers on greenhouse gas emissions in lakes of China: A critical analysis. Ecohydrology, 16(1), e2483. ; Nguyen, A. T., NÃ©mery, J., Gratiot, N., Dao, T. S., Le, T. T. M., Baduel, C., & Garnier, J. (2022). Does eutrophication enhance greenhouse gas emissions in urbanized tropical estuaries?. Environmental Pollution, 303, 119105. ; Li, Y., Shang, J., Zhang, C., Zhang, W., Niu, L., Wang, L., & Zhang, H. (2021). The role of freshwater eutrophication in greenhouse gas emissions: A review.Â Science of the Total Environment,Â 768, 144582.",https://onlinelibrary.wiley.com/doi/full/10.1002/eco.2483 ; https://www.sciencedirect.com/science/article/pii/S0269749122003190 ; https://www.sciencedirect.com/science/article/pii/S0048969720381134
Emissions of nutrient pollutants to water and soil,Pollutants concentration change,Water,"Discharge of nutrients (e.g., nitrates and phosphates from fertiliser use in agricultural land, gray water from infrastructure) from point and diffuse sources into water bodies causes pollution.",Short - Long term,Direct,Local - areas where pollutant inputs are observed can be impacted along with downstream regions,"Liu et al., 2021 ; Breida et al., 2019 ; Mateo-Sagasta et al., 2018 ; Kristensen et al., 2018 ; Mateo-Sagasta et al., 2017 ; Mekonnen & Hoekstra, 2015 ; Carpenter et al., 2011","Liu, Y., Wang, P., Gojenko, B., Yu, J., Wei, L., Luo, D., & Xiao, T. (2021). A review of water pollution arising from agriculture and mining activities in Central Asia: Facts, causes and effects. Environmental Pollution, 291, 118209. ; Breida, M., Younssi, S. A., Ouammou, M., Bouhria, M., & Hafsi, M. (2019). Pollution of water sources from agricultural and industrial effluents: special attention to NO3Ë‰, Cr (VI), and Cu (II). Water Chemistry, 39. ; Mateo-Sagasta, J., Zadeh, S. M., & Turral, H. (Eds.). (2018). More people, more food, worse water?: a global review of water pollution from agriculture. ; Kristensen, P., Whalley, C., Zal, F. N. N., & Christiansen, T. (2018). European waters assessment of status and pressures 2018. EEA Report, (7/2018). ; Mateo-Sagasta, J., Zadeh, S. M., Turral, H., & Burke, J. (2017). Water pollution from agriculture: a global review. Executive summary. ; Mekonnen, M. M., & Hoekstra, A. Y. (2015). Global gray water footprint and water pollution levels related to anthropogenic nitrogen loads to fresh water.Â Environmental science & technology,Â 49(21), 12860-12868. ; Carpenter, S. R., Stanley, E. H., & Vander Zanden, M. J. (2011). State of the world's freshwater ecosystems: physical, chemical, and biological changes. Annual review of Environment and Resources, 36, 75-99.",https://www.sciencedirect.com/science/article/pii/S0269749121017917 ; https://www.intechopen.com/chapters/68571 ; https://www.fao.org/3/ca0146en/CA0146EN.pdf ; https://www.eea.europa.eu/publications/state-of-water/ ; https://www.fao.org/3/i7754e/i7754e.pdf ; https://pubs.acs.org/doi/full/10.1021/acs.est.5b03191 ; https://www.annualreviews.org/content/journals/10.1146/annurev-environ-021810-094524
Emissions of toxic pollutants to water and soil,Diseases,Species,"The diverse array of anthropogenic chemicals originating from agricultural, industrial and pharmaceutical systems pollutes soil and waterbodies causing long-term illnesses and diseases both through exposure and mutagenic processes thus affecting organisms.",Short - Long term,Direct and Indirect,Local to global - impacts on species can be observed ranging from local to global level,"Banerjee & van der Heijden, 2023 ; Iyiola et al., 2022 ; Azevedo-Santos et al., 2021 ; Wallis et al., 2020 ; Steffan et al., 2018 ; Romanelli et al., 2015 ; Schwarzenbach et al., 2010","Banerjee, S., & van der Heijden, M. G. (2023). Soil microbiomes and one health. Nature Reviews Microbiology, 21(1), 6-20. ; Iyiola, A. O., Akinrinade, A. J., & Ajayi, F. O. (2022). Effects of Water Pollution on Biodiversity Along the Coastal Regions. In Biodiversity in Africa: Potentials, Threats and Conservation (pp. 345-367). Singapore: Springer Nature Singapore. ; Azevedo-Santos, V. M., Brito, M. F., Manoel, P. S., Perroca, J. F., Rodrigues-Filho, J. L., Paschoal, L. R., ... & Pelicice, F. M. (2021). Plastic pollution: A focus on freshwater biodiversity. Ambio, 50(7), 1313-1324. ; Wallis, I., Prommer, H., Berg, M., Siade, A. J., Sun, J., & Kipfer, R. (2020). The riverâ€“groundwater interface as a hotspot for arsenic release. Nature Geoscience, 13(4), 288-295. ; Steffan, J. J., Brevik, E. C., Burgess, L. C., & CerdÃ , A. (2018). The effect of soil on human health: an overview. European journal of soil science, 69(1), 159-171. ; Romanelli, C., Cooper, D., Campbell-Lendrum, D., Maiero, M., Karesh, W. B., Hunter, D., & Golden, C. D. (2015). Connecting global priorities: biodiversity and human health: a state of knowledge review. World Health Organistion/Secretariat of the UN Convention on Biological Diversity. ; Schwarzenbach, R. P., Egli, T., Hofstetter, T. B., Von Gunten, U., & Wehrli, B. (2010). Global water pollution and human health.Â Annual review of environment and resources,Â 35, 109-136.",https://www.nature.com/articles/s41579-022-00779-w ; https://link.springer.com/chapter/10.1007/978-981-19-3326-4_13 ; https://link.springer.com/article/10.1007/s13280-020-01496-5 ; https://www.nature.com/articles/s41561-020-0557-6 ; https://bsssjournals.onlinelibrary.wiley.com/doi/full/10.1111/ejss.12451 ; https://cgspace.cgiar.org/handle/10568/67397 ; https://www.annualreviews.org/doi/abs/10.1146/annurev-environ-100809-125342
Emissions of toxic pollutants to water and soil,Land /freshwater/ seabed area modification,Structural and Biotic Integrity,"Contaminated soil can reduce the yield of crops, increasing the need for more land conversion and intensive farming methods.",Short - Mid term,Indirect,Local - areas no longer fit for purpose can be permanently impacted,RodrÃ­guez-Eugenio et al. 2018 ; ,"RodrÃ­guez-Eugenio, N., McLaughlin, M., & Pennock, D. (2018).Â Soil pollution: a hidden reality. FAO. ; ",https://www.fao.org/documents/card/en/c/I9183EN ; 
Emissions of toxic pollutants to water and soil,Land /freshwater/ seabed area modification,Species,"Sulphur and metal pollution in soils can be linked to habitat degradation. It has been linked to forest declines in Europe, and pesticide concentrations in soils can be linked to arthropod declines at the base of trophic ecosystems.",Short - Long term,Direct and Indirect,Local - areas with local pollutant inputs can be impacted,"Beaumelle et al., 2023 ; Golui et al., 2019 ; HernÃ¡ndez et al., 2007 ;  Lee 1998 ; ","Beaumelle, L., Tison, L., Eisenhauer, N., Hines, J., Malladi, S., Pelosi, C., ... & Phillips, H. R. (2023). Pesticide effects on soil fauna communitiesâ€”A metaâ€analysis.Â Journal of Applied Ecology. ; Golui, D., Datta, S. P., Dwivedi, B. S., Meena, M. C., Varghese, E., Sanyal, S. K., ... & Trivedi, V. K. (2019). Assessing soil degradation in relation to metal pollutionâ€“A multivariate approach. Soil and Sediment Contamination: An International Journal, 28(7), 630-649. ; HernÃ¡ndez, A. J., Alexis, S., & Pastor, J. (2007). Soil degradation in the tropical forests of the Dominican Republic's Pedernales province in relation to heavy metal contents. Science of the Total Environment, 378(1-2), 36-41. ; Lee, J. A. (1998). Unintentional experiments with terrestrial ecosystems: ecological effects of sulphur and nitrogen pollutants. Journal of Ecology, 86(1), 1-12.",https://besjournals.onlinelibrary.wiley.com/doi/full/10.1111/1365-2664.14437 ; https://www.tandfonline.com/doi/full/10.1080/15320383.2019.1640660 ; https://www.sciencedirect.com/science/article/pii/S0048969707000678 ; https://besjournals.onlinelibrary.wiley.com/doi/full/10.1046/j.1365-2745.1998.00257.x ; 
Emissions of toxic pollutants to water and soil,Pollutants concentration change,Species,"Toxic water and soil pollutants such as pesticides, insecticides, pharmaceutical compounds and hydrocarbons characterised due to their toxicity can have negative impacts on invertebrates and fungal species thus reducing population size.",Short - Long term,Direct,Local - areas where pollutant inputs occur are impacted,"Barmentlo et al., 2021 ; Li et al., 2020 ; Van Dijk et al., 2013","Barmentlo, S. H., Schrama, M., De Snoo, G. R., Van Bodegom, P. M., van Nieuwenhuijzen, A., & Vijver, M. G. (2021). Experimental evidence for neonicotinoid driven decline in aquatic emerging insects. Proceedings of the National Academy of Sciences, 118(44), e2105692118. ; Li, Y., Miao, R., & Khanna, M. (2020). Neonicotinoids and decline in bird biodiversity in the United States. Nature Sustainability, 3(12), 1027-1035. ; Van Dijk, T. C., Van Staalduinen, M. A., & Van der Sluijs, J. P. (2013). Macro-invertebrate decline in surface water polluted with imidacloprid.Â PloS one,Â 8(5), e62374.",pnas.org/doi/abs/10.1073/pnas.2105692118 ; nature.com/articles/s41893-020-0582-x ; https://journals.plos.org/plosone/article?id=10.1371/journal.pone.0062374
Emissions of toxic pollutants to water and soil,Pollutants concentration change,Soils and sediments,Soil pollution is a form of pollution with a major influence on the quality of the environment in large areas around the world. This affects the stable soil functioning processes such as decomposition.,Short - Long term,Direct,Local to regional - areas with favourable soil conditions for other uses could be impacted,"FAO and UNEP, 2021 ; Morgado et al., 2018 ; Stoica & Baiulescu, 2008.","FAO and UNEP. 2021. Global Assessment of Soil Pollution: Report. Rome. ; Morgado, R. G., Loureiro, S., & GonzÃ¡lez-Alcaraz, M. N. (2018). Changes in soil ecosystem structure and functions due to soil contamination. In Soil pollution (pp. 59-87). Academic Press. ; Stoica, A. & Baiulescu, G. 2008. Global pollution. Proceedings of Ecopole, 2(1), 119-121.",https://www.fao.org/3/cb4894en/online/cb4894en.html ; https://www.sciencedirect.com/science/article/pii/B9780128498736000030 ; https://www.infona.pl/resource/bwmeta1.element.baztech-a565da65-ba7b-4fb7-9cf6-68cb8749e17d
Emissions of toxic pollutants to water and soil,Pollutants concentration change,Structural and Biotic Integrity,"Some experimental evidence suggests that invasive plant species are often characterised by their tolerance to stress conditions such as pollution. Therefore, pollution of soils, could enable invasive plant species to inhabit polluted ecosystems and altering the biotic structure.",Mid - Long term,Direct,Local - areas where pollutant inputs occur can be impacted,"Li et al., 2022 ; Yang et al., 2007 ; Seabloom et al., 2003 ; Uveges et al., 2002","Li, J., Leng, Z., Wu, Y., Du, Y., Dai, Z., Biswas, A., ... & Du, D. (2022). Interactions between invasive plants and heavy metal stresses: a review. Journal of Plant Ecology, 15(3), 429-436. ; Yang, R. Y., Tang, J. J., Yang, Y. S., & Chen, X. (2007). Invasive and non-invasive plants differ in response to soil heavy metal lead contamination. Bot Stud, 48(4), 453-458. ; Seabloom, E. W., Harpole, W. S., Reichman, O. J., & Tilman, D. (2003). Invasion, competitive dominance, and resource use by exotic and native California grassland species. Proceedings of the National Academy of Sciences, 100(23), 13384-13389. ; Uveges, J. L., Corbett, A. L., & Mal, T. K. (2002). Effects of lead contamination on the growth of Lythrum salicaria (purple loosestrife). Environmental Pollution, 120(2), 319-323.",https://academic.oup.com/jpe/article/15/3/429/6358449 ; https://ejournal.sinica.edu.tw/bbas/content/2007/4/Bot484-09.pdf ; https://www.pnas.org/doi/abs/10.1073/pnas.1835728100 ; https://www.sciencedirect.com/science/article/pii/S0269749102001446
Emissions of toxic pollutants to water and soil,Pollutants concentration change,Water,"Discharge of toxic pollutants such as heavy metals, organic and inorganic chemical compounds from point and diffuse sources into water bodies causes pollution and rendering them unusable for various purposes.",Short - Long term,Direct,Local - areas where pollutant inputs are observed can be impacted,"Sigmund et al., 2023 ; Dulsat-Masvidal et al., 2023 ; Zhou et al., 2020 ; Famoofo and Adeniyi, 2020 ; Wen et al., 2017","Sigmund, G., Ã…gerstrand, M., Antonelli, A., Backhaus, T., Brodin, T., Diamond, M. L., ... & Groh, K. J. (2023). Addressing chemical pollution in biodiversity research. Global Change Biology, 29(12), 3240-3255. ; Dulsat-Masvidal, M., Ciudad, C., Infante, O., Mateo, R., & Lacorte, S. (2023). Water pollution threats in important bird and biodiversity areas from Spain. Journal of Hazardous Materials, 448, 130938. ; Zhou, Q., Yang, N., Li, Y., Ren, B., Ding, X., Bian, H., & Yao, X. (2020). Total concentrations and sources of heavy metal pollution in global river and lake water bodies from 1972 to 2017.Â Global Ecology and Conservation,Â 22, e00925. ; Famoofo, O. O., & Adeniyi, I. F. (2020). Impact of effluent discharge from a medium-scale fish farm on the water quality of Odo-Owa stream near Ijebu-Ode, Ogun State, Southwest Nigeria. Applied Water Science, 10, 1-13. ; Wen, Y., Schoups, G., & Van De Giesen, N. (2017). Organic pollution of rivers: Combined threats of urbanization, livestock farming and global climate change. Scientific reports, 7(1), 43289.",https://onlinelibrary.wiley.com/doi/full/10.1111/gcb.16689 ; https://www.sciencedirect.com/science/article/pii/S0304389423002200 ; https://www.sciencedirect.com/science/article/pii/S2351989419309357 ; https://link.springer.com/article/10.1007/s13201-020-1148-9 ; https://www.nature.com/articles/srep43289
Generation and release of solid waste,Diseases,Species,"Landfill sites can provide habitats for scavenger species. These scavengers can also be vectors of disease, e.g. salmonella and avian influenza virus in birds, rabies-carrying feral dogs and leptospirosis in rats in or near landfill sites.",Short - Long term,Indirect,Local - areas where disease afflicted-species reside can be impacted,"Malekian et al., 2021 ; Markandya et al., 2008","Malekian, M., Shagholian, J., & Hosseinpour, Z. (2021). Pathogen presence in wild birds inhabiting landfills in central Iran. EcoHealth, 18, 76-83. ; Markandya, A., Taylor, T., Longo, A., Murty, M. N., Murty, S., & Dhavala, K. (2008). Counting the cost of vulture declineâ€”an appraisal of the human health and other benefits of vultures in India.Â Ecological economics,Â 67(2), 194-204.",https://link.springer.com/article/10.1007/s10393-021-01516-0 ; https://www.sciencedirect.com/science/article/pii/S092180090800178X
Generation and release of solid waste,Fires,Atmosphere,Solid wastes in landfills can get ignited by spontaneous process or intentionally and can burn for several days emitting toxic gases into the atmosphere causing health issues.,Short term,Direct,Local to regional - impacts can be in the immediate vicinity but also can affect neighboring regions/countries,"Oleniacz et al., 2023 ; BihaÅ‚owicz et al., 2021 ; BihaÅ‚owicz et al., 2021","Oleniacz, R., Drzewiecki, W., Gorzelnik, T., Grzesik, K., Kozakiewicz, R., Kowalewski, Z., & Kossakowska, K. (2023). Assessment of the impact of waste fires on air quality and atmospheric aerosol optical depth: A case study in Poland.Â Energy Reports,Â 9, 16-38. ; BihaÅ‚owicz, J. S., Rogula-KozÅ‚owska, W., & Krasuski, A. (2021). Contribution of landfill fires to air pollutionâ€“An assessment methodology. Waste Management, 125, 182-191. ; BihaÅ‚owicz, J. S., Rogula-KozÅ‚owska, W., Krasuski, A., & Salamonowicz, Z. (2021). The critical factors of landfill fire impact on air quality. Environmental Research Letters, 16(10), 104026.",https://www.sciencedirect.com/science/article/pii/S2352484723003220 ; https://www.sciencedirect.com/science/article/pii/S0956053X2100115X ; https://iopscience.iop.org/article/10.1088/1748-9326/ac27cd/meta
Generation and release of solid waste,Land /freshwater/ seabed area modification,Species,The removal of native vegetation for replacement with landfill or compost plants may directly remove the habitat of local species.,Short - Long term,Direct,Local - impacts can be observed where certain species depend on certain habitat conditions,"Arena et al., 2003","Arena, U., Mastellone, M. L., & Perugini, F. (2003). The environmental performance of alternative solid waste management options: a life cycle assessment study.Â Chemical engineering journal,Â 96(1-3), 207-222.",https://www.sciencedirect.com/science/article/pii/S1385894703002468
Generation and release of solid waste,Pests,Species,"The loss of species which compete with or predate on pests through toxicity or disease related to solid waste can allow pest species to thrive, e.g. in the case of Indian vultures and rats, feral cats and dogs.",Long term,Indirect,Local to regional - impacts can vary depending on the range of species,"Ogada et al., 2012","Ogada, D. L., Keesing, F., & Virani, M. Z. (2012). Dropping dead: causes and consequences of vulture population declines worldwide.Â Annals of the New York Academy of Sciences,Â 1249(1), 57-71.",https://nyaspubs.onlinelibrary.wiley.com/doi/full/10.1111/j.1749-6632.2011.06293.x
Generation and release of solid waste,Pollutants concentration change,Water,Solid waste in landfills produce leachates that can infiltrate the groundwater and impact the quality and safety of drinking water in addition to associated nearby surface water sources.,Short - Long term,Direct,Local to regional - impacts can be in the immediate vicinity but also can affect neighboring regions,"Talalaj & Biedka, 2016 ; Milla & Huang, 2012","Talalaj, I. A., & Biedka, P. (2016). Use of the landfill water pollution index (LWPI) for groundwater quality assessment near the landfill sites. Environmental science and pollution research, 23, 24601-24613. ; Milla, O. V., & Huang, W. J. (2012). Relationship between solid waste pollution and polluted drinking water in El Salvador.Â J. Int. Cooper,Â 2, 37-60.",https://link.springer.com/article/10.1007/s11356-016-7622-0 ; https://www.researchgate.net/profile/Odette-Varela-Milla/publication/268152131_Relationship_between_Solid_Waste_Pollution_and_Polluted_Drinking_Water_in_El_Salvador/links/5547ea100cf2e2031b384bc1/Relationship-between-Solid-Waste-Pollution-and-Polluted-Drinking-Water-in-El-Salvador.pdf
Introduction of invasive species,Change in species composition,Species,"A number of different freshwater ecosystem uses can lead to the introduction of invasive species. For example, aquaculture, recreational angling and the release of ballast water from ships.",Short - Long term,Direct,Local to regional - impacts could be in the area of use or further up or downstream,"Haubrock et al., 2021 ; Bernery et al., 2022","Haubrock, P. J., Pilotto, F., Innocenti, G., Cianfanelli, S., & Haase, P. (2021). Two centuries for an almost complete community turnover from native to nonâ€native species in a riverine ecosystem. Global Change Biology, 27(3), 606-623. ; Bernery, C., Bellard, C., Courchamp, F., Brosse, S., Gozlan, R. E., JariÄ‡, I., ... & Leroy, B. (2022). Freshwater fish invasions: A comprehensive review. Annual Review of Ecology, Evolution, and Systematics, 53, 427-456.",https://onlinelibrary.wiley.com/doi/full/10.1111/gcb.15442 ; https://www.annualreviews.org/doi/10.1146/annurev-ecolsys-032522-015551
Introduction of invasive species,Change in species composition,Structural and Biotic Integrity,"Many invasive species such as ants, ungulates alter community structure by disrupting the structural connectivity between native species and subsequent stability in multitrophic communities.",Short - Long term,Direct,Local to regional - areas where invasive species occur can alter the biotic community structure thus impacting local native species,"Vitali et al., 2023 ; Siddiqui et al., 2021 ; Galib et al., 2021 ; Dijkstra et al., 2017 ; David et al., 2017","Vitali, A., Ruiz-Suarez, S., VÃ¡zquez, D. P., Schleuning, M., RodrÃ­guez-Cabal, M. A., Sasal, Y., & Pilosof, S. (2023). Invasive species modulate the structure and stability of a multilayer mutualistic network. Proceedings of the Royal Society B, 290(2001), 20230132. ; Siddiqui, J. A., Bamisile, B. S., Khan, M. M., Islam, W., Hafeez, M., Bodlah, I., & Xu, Y. (2021). Impact of invasive ant species on native fauna across similar habitats under global environmental changes. Environmental Science and Pollution Research, 28, 54362-54382. ; Galib, S. M., Findlay, J. S., & Lucas, M. C. (2021). Strong impacts of signal crayfish invasion on upland stream fish and invertebrate communities. Freshwater Biology, 66(2), 223-240. ; Dijkstra, J. A., Harris, L. G., Mello, K., Litterer, A., Wells, C., & Ware, C. (2017). Invasive seaweeds transform habitat structure and increase biodiversity of associated species. Journal of Ecology, 105(6), 1668-1678. ; David, P., Thebault, E., Anneville, O., Duyck, P. F., Chapuis, E., & Loeuille, N. (2017). Impacts of invasive species on food webs: a review of empirical data. Advances in ecological research, 56, 1-60.",https://royalsocietypublishing.org/doi/full/10.1098/rspb.2023.0132 ; https://link.springer.com/article/10.1007/s11356-021-15961-5 ; https://onlinelibrary.wiley.com/doi/full/10.1111/fwb.13631 ; https://besjournals.onlinelibrary.wiley.com/doi/full/10.1111/1365-2745.12775 ; https://www.sciencedirect.com/science/article/abs/pii/S0065250416300502
Introduction of invasive species,Change in species composition,Soils and sediments,"Certain invasive species such as signal crayfish in large numbers are known to increase turbidity by burrowing activities within rivers, thus affecting the water quality and contributing to increased sediment loads within the river network.",Mid - Long term,Direct,Local to regional - areas where invasive species occur can alter the fluvial sediment thus impacting the water quality of the downstream regions  ,"Sanders et al., 2023 ; Mathers et al., 2022 ; Sanders et al., 2021","Sanders, C. H., Rice, S. P., Wood, P. J., & Mathers, K. L. (2023). The long-term dynamics of invasive signal crayfish forcing of fluvial sediment supply via riverbank burrowing. Geomorphology, 442, 108924. ; Mathers, K. L., Rice, S. P., Chadd, R., & Wood, P. J. (2022). Influence of invasive crayfish on fine sediment transport, ingress and bed storage in lowland rivers. River Research and Applications, 38(8), 1481-1494. ; Sanders, H., Rice, S. P., & Wood, P. J. (2021). Signal crayfish burrowing, bank retreat and sediment supply to rivers: A biophysical sediment budget. Earth Surface Processes and Landforms, 46(4), 837-852.",https://www.sciencedirect.com/science/article/pii/S0169555X23003446 ; https://onlinelibrary.wiley.com/doi/full/10.1002/rra.3995 ; https://onlinelibrary.wiley.com/doi/full/10.1002/esp.5070
Introduction of invasive species,Change in species composition,Water,Invasive zooplanktons such as spiny water flea in higher densities can impact the water quality by increasing the turbidity and resulting water treatment costs.,Mid - Long term,Direct,Local to regional - areas where invasive species occur can impact the quality of the water body,"Mayfield et al., 2021 ; Walsh et al., 2016 ; DeRoy & MacIsaac 2020 ; Chamier et al., 2012","Mayfield, A. E., Seybold, S. J., Haag, W. R., Johnson, M. T., Kerns, B. K., Kilgo, J. C., ... & Young, M. K. (2021). Impacts of invasive species in terrestrial and aquatic systems in the United States. Invasive species in forests and rangelands of the United States: A comprehensive science synthesis for the United States forest sector, 5-39. ; Walsh, J. R., Carpenter, S. R., & Vander Zanden, M. J. (2016). Invasive species triggers a massive loss of ecosystem services through a trophic cascade. Proceedings of the National Academy of Sciences, 113(15), 4081-4085. ; DeRoy, E. M., & MacIsaac, H. J. (2020). Impacts of invasive species in the Laurentian Great Lakes. Contaminants of the Great Lakes, 135-156. ; Chamier, J., Schachtschneider, K., Le Maitre, D. C., Ashton, P. J., & Van Wilgen, B. W. (2012). Impacts of invasive alien plants on water quality, with particular emphasis on South Africa. Water Sa, 38(2), 345-356.",https://link.springer.com/chapter/10.1007/978-3-030-45367-1_2 ; https://www.pnas.org/doi/abs/10.1073/pnas.1600366113 ; https://link.springer.com/chapter/10.1007/698_2020_593 ; https://www.ajol.info/index.php/wsa/article/view/76555
Introduction of invasive species,Diseases,Species,"Invasive alien species can facilitate zoonoses across multiple host and parasite taxa thus altering the local disease dynamics both directly and indirectly, i.e., acting as pathogen hosts or disrupting the recipient ecosystem structure thus impacting health of other native species.",Short term,Direct and Indirect,Local to regional - areas where invasive species occur can impact the local species,"Zhang et al., 2022 ; Chinchio et al., 2020 ; Schindler et al., 2015 ; Conn 2014","Zhang, L., Rohr, J., Cui, R., Xin, Y., Han, L., Yang, X., ... & Liu, X. (2022). Biological invasions facilitate zoonotic disease emergences. Nature Communications, 13(1), 1762. ; Chinchio, E., Crotta, M., Romeo, C., Drewe, J. A., Guitian, J., & Ferrari, N. (2020). Invasive alien species and disease risk: An open challenge in public and animal health. PLoS pathogens, 16(10), e1008922. ; Schindler, S., Staska, B., Adam, M., Rabitsch, W., & Essl, F. (2015). Alien species and public health impacts in Europe: a literature review. NeoBiota, 27, 1-23. ; Conn, D. B. (2014). Aquatic invasive species and emerging infectious disease threats: A One Health perspective. Aquatic Invasions, 9(3).",https://www.nature.com/articles/s41467-022-29378-2 ; https://journals.plos.org/plospathogens/article?id=10.1371/journal.ppat.1008922 ; https://neobiota.pensoft.net/article/5007/download/pdf/ ; https://pdfs.semanticscholar.org/0df7/cafa998773f00d9e77c1c17672db24fe8856.pdf
Introduction of invasive species,Fires,Structural and Biotic Integrity,Certain invasive plant species are known to act as fire agents such as source of fuel during summer seasons thus creating opporutnities for the risk of spreading fires and affecting / altering native biodiversity.,Short - Long term,Direct,Local - areas where invasive species occur can act as fire agents that affecting the local area,"Early et al., 2016 ; Brooks et al., 2004","Early, R., Bradley, B. A., Dukes, J. S., Lawler, J. J., Olden, J. D., Blumenthal, D. M., ... & Tatem, A. J. (2016). Global threats from invasive alien species in the twenty-first century and national response capacities. Nature communications, 7(1), 12485. ; Brooks, M. L., D'antonio, C. M., Richardson, D. M., Grace, J. B., Keeley, J. E., DiTomaso, J. M., ... & Pyke, D. (2004). Effects of invasive alien plants on fire regimes. BioScience, 54(7), 677-688.",https://www.nature.com/articles/ncomms12485 ; https://academic.oup.com/bioscience/article/54/7/677/223532
Introduction of invasive species,Land /freshwater/ seabed area modification,Structural and Biotic Integrity,Areas where invasive species were introduced or occur will often lead to the loss of native habitat and environmental functions. This can lead to changes in landscape structure.,Short - Long term,Indirect,Local - areas where invasive species occur can be impacted,"Liu et al., 2023 ; PyÅ¡ek et al., 2020 ; Pattison et al., 2017 ; Thomas et al., 2016","Liu, D., Semenchuk, P., Essl, F., Lenzner, B., Moser, D., Blackburn, T. M., ... & Dullinger, S. (2023). The impact of land use on non-native species incidence and number in local assemblages worldwide. Nature communications, 14(1), 2090. ; PyÅ¡ek, P., Hulme, P. E., Simberloff, D., Bacher, S., Blackburn, T. M., Carlton, J. T., ... & Richardson, D. M. (2020). Scientists' warning on invasive alien species. Biological Reviews, 95(6), 1511-1534. ; Pattison, Z., Minderman, J., Boon, P. J., & Willby, N. (2017). Twenty years of change in riverside vegetation: what role have invasive alien plants played?. Applied Vegetation Science, 20(3), 422-434. ; Thomas, J., El-Sheikh, M. A., Alfarhan, A. H., Alatar, A. A., Sivadasan, M., Basahi, M., ... & Rajakrishnan, R. (2016). Impact of alien invasive species on habitats and species richness in Saudi Arabia. Journal of Arid Environments, 127, 53-65.",https://www.nature.com/articles/s41467-023-37571-0 ; https://onlinelibrary.wiley.com/doi/full/10.1111/brv.12627 ; https://onlinelibrary.wiley.com/doi/abs/10.1111/avsc.12297 ; https://www.sciencedirect.com/science/article/pii/S0140196315300732
Introduction of invasive species,Weather conditions,Species,Changes in weather conditions can affect the range of invasive species favouring their population size thus restricting the native population niche.,Mid - Long term,Direct,Local to global - climate is changing on a global level with changes in individual species ranges occuring at more local and regional scales,"Vilizzi et al., 2021 ; Finch et al., 2021 ","Vilizzi, L., Copp, G. H., Hill, J. E., Adamovich, B., Aislabie, L., Akin, D., ... & Semenchenko, V. (2021). A global-scale screening of non-native aquatic organisms to identify potentially invasive species under current and future climate conditions.Â Science of the Total Environment,Â 788, 147868 ; Finch, D. M., Butler, J. L., Runyon, J. B., Fettig, C. J., Kilkenny, F. F., Jose, S., ... & Amelon, S. K. (2021). Effects of climate change on invasive species. Invasive species in forests and rangelands of the United States: a comprehensive science synthesis for the United States forest sector, 57-83.",https://www.sciencedirect.com/science/article/pii/S0048969721029399 ; https://link.springer.com/chapter/10.1007/978-3-030-45367-1_4
Other abiotic resource extraction,Earthquakes,Land geomorphology,"Oil and gas extraction, gas storage, salt solution mining, drilling and use of wastewater disposal wells associated with oil and gas production has been shown to alter fault pressures thereby inducing seismic activity.",Short term,Direct,Local - local geomorphological and hydrogeological features and properties can be impacted,"Muntendam-Bos et al., 2022 ; Atkinson et al., 2020 ; McGarr A., 2014","Muntendam-Bos, A. G., Hoedeman, G., Polychronopoulou, K., Draganov, D., Weemstra, C., van der Zee, W., ... & Roest, H. (2022). An overview of induced seismicity in the Netherlands. Netherlands Journal of Geosciences, 101, e1. ; Atkinson, G. M., Eaton, D. W., & Igonin, N. (2020). Developments in understanding seismicity triggered by hydraulic fracturing. Nature Reviews Earth & Environment, 1(5), 264-277 ; McGarr, A. (2014). Maximum magnitude earthquakes induced by fluid injection.Â Journal of Geophysical Research: solid earth,Â 119(2), 1008-1019.",https://www.cambridge.org/core/journals/netherlands-journal-of-geosciences/article/an-overview-of-induced-seismicity-in-the-netherlands/3B9693061B339C58AEAE20590625FFE3 ; https://www.nature.com/articles/s43017-020-0049-7 ; https://agupubs.onlinelibrary.wiley.com/doi/abs/10.1002/2013JB010597
Other abiotic resource extraction,Land /freshwater/ seabed area modification,Structural and Biotic Integrity,"Extractive industries such as metal mining, gold mining, and fossil-fuel industries and areas developed for renewable energy infrastructure impact large areas of biodiversity-rich landscapes thus, altering and affecting the local and regional species richness.",Short - Long term,Direct,Local to regional - impacts can affect species population and habitats,"Sonter et al., 2017 ; Rehbein et al., 2020","Sonter, L. J., Herrera, D., Barrett, D. J., Galford, G. L., Moran, C. J., & Soares-Filho, B. S. (2017). Mining drives extensive deforestation in the Brazilian Amazon.Â Nature communications,Â 8(1), 1013 ; Rehbein, J. A., Watson, J. E., Lane, J. L., Sonter, L. J., Venter, O., Atkinson, S. C., & Allan, J. R. (2020). Renewable energy development threatens many globally important biodiversity areas. Global change biology, 26(5), 3040-3051.",https://www.nature.com/articles/s41467-017-00557-w ; https://onlinelibrary.wiley.com/doi/10.1111/gcb.15067
Other abiotic resource extraction,Landslides,Land geomorphology,Overextraction of water from lakes and groundwater for human activities such as irrigation has the potential to saturate subsurface materials well below ground level thereby can trigger landslides.,Short term,Direct,Local - areas where landslides occur can impact the downslope regions,"Garcia-Chevesich et al., 2020 ; Closson et al., 2010","Garcia-Chevesich, P., Wei, X., Ticona, J., MartÃ­nez, G., Zea, J., GarcÃ­a, V., ... & Krahenbuhl, R. (2020). The impact of agricultural irrigation on landslide triggering: a review from Chinese, English, and Spanish literature. Water, 13(1), 10. ; Closson, D., Abou Karaki, N., & Hallot, F. (2010). Landslides along the Jordanian Dead Sea coast triggered by the lake level lowering. Environmental Earth Sciences, 59, 1417-1430.",https://www.mdpi.com/2073-4441/13/1/10 ; https://link.springer.com/article/10.1007/s12665-009-0128-z
"Other biotic resource extraction (e.g. fish, timber) ",Change in species population size,Structural and Biotic Integrity,"Selectively harvested species such as timber, plants or animals can impact the envrionmental functions or other species that depend on their plant or animal pollinator counterpart thus altering the local biotic structure.",Mid - Long term,Direct,Local to regional - areas where selected species were harvested can be impacted due to loss of environmental processes,"Yan et al., 2021 ; Poudyal et al., 2019 ; Martin et al., 2015 ; Cazzolla Gatti et al., 2015 ; Yosi et al., 2011","Yan, H. F., Kyne, P. M., Jabado, R. W., Leeney, R. H., Davidson, L. N., Derrick, D. H., ... & Dulvy, N. K. (2021). Overfishing and habitat loss drive range contraction of iconic marine fishes to near extinction. Science Advances, 7(7), eabb6026. ; Poudyal, B. H., Maraseni, T. N., & Cockfield, G. (2019). Implications of selective harvesting of natural forests for forest product recovery and forest carbon emissions: Cases from Tarai Nepal and Queensland Australia. Forests, 10(8), 693. ; Martin, P. A., Newton, A. C., Pfeifer, M., Khoo, M., & Bullock, J. M. (2015). Impacts of tropical selective logging on carbon storage and tree species richness: A meta-analysis. Forest Ecology and Management, 356, 224-233. ;  Cazzolla Gatti, R., Castaldi, S., Lindsell, J. A., Coomes, D. A., Marchetti, M., Maesano, M., ... & Valentini, R. (2015). The impact of selective logging and clearcutting on forest structure, tree diversity and above-ground biomass of African tropical forests. Ecological research, 30, 119-132. ; Yosi, C. K., Keenan, R. J., & Fox, J. C. (2011). Forest dynamics after selective timber harvesting in Papua New Guinea. Forest Ecology and Management, 262(6), 895-905.",https://www.science.org/doi/full/10.1126/sciadv.abb6026 ; https://www.mdpi.com/1999-4907/10/8/693 ; https://www.sciencedirect.com/science/article/pii/S0378112715003837 ; https://link.springer.com/article/10.1007/s11284-014-1217-3 ; https://www.sciencedirect.com/science/article/pii/S0378112711003598
"Other biotic resource extraction (e.g. fish, timber) ",Change in species population size,Species,"Overexploitation of living resources can alter population demographics and long term reproductive dynamics, as well as directly removing individuals, all of which can contribute to species population declines.",Mid - Long term,Direct,Local - specific species that are selectively harvested for human use can impact local species population,"Yan et al., 2021 ; Morton et al., 2021 ; Rija et al., 2020 ; Benitez-Lopez et al., 2017","Yan, H. F., Kyne, P. M., Jabado, R. W., Leeney, R. H., Davidson, L. N., Derrick, D. H., ... & Dulvy, N. K. (2021). Overfishing and habitat loss drive range contraction of iconic marine fishes to near extinction. Science Advances, 7(7), eabb6026. ; Morton, O., Scheffers, B. R., Haugaasen, T., & Edwards, D. P. (2021). Impacts of wildlife trade on terrestrial biodiversity. Nature Ecology & Evolution, 5(4), 540-548. ; Rija, A. A., Critchlow, R., Thomas, C. D., & Beale, C. M. (2020). Global extent and drivers of mammal population declines in protected areas under illegal hunting pressure. PLoS One, 15(8), e0227163. ; Benitez-Lopez, A., Alkemade, R., Schipper, A. M., Ingram, D. J., Verweij, P. A., Eikelboom, J. A. J., & Huijbregts, M. A. J. (2017). The impact of hunting on tropical mammal and bird populations. Science, 356(6334), 180-183.",https://www.science.org/doi/full/10.1126/sciadv.abb6026 ; https://www.nature.com/articles/s41559-021-01399-y ; https://journals.plos.org/plosone/article?id=10.1371/journal.pone.0227163 ; https://www.science.org/doi/abs/10.1126/science.aaj189
"Other biotic resource extraction (e.g. fish, timber) ",Change in species population size,Water,Selectively logging timber species can impact the water quality properties through increased turbidity.,Mid - Long term,Direct,Local - specific species that are selectively harvested for human use can impact downstream regions,"Wenger et al., 2018 ; Fletcher & Muda 1999","Wenger, A. S., Atkinson, S., Santini, T., Falinski, K., Hutley, N., Albert, S., ... & Jupiter, S. D. (2018). Predicting the impact of logging activities on soil erosion and water quality in steep, forested tropical islands. Environmental Research Letters, 13(4), 044035. ; Fletcher, W. K., & Muda, J. (1999). Influence of selective logging and sedimentological process on geochemistry of tropical rainforest streams.Â Journal of Geochemical Exploration,Â 67(1-3), 211-222.",https://iopscience.iop.org/article/10.1088/1748-9326/aab9eb/meta ; https://www.sciencedirect.com/science/article/pii/S0375674299000527 
"Other biotic resource extraction (e.g. fish, timber) ",Change in species population size,Soils and sediments,Selectively logging timber species can impact the local soil and soil properties through increased erosional processes.,Mid - Long term,Direct,Local - specific species that are selectively harvested for human use can impact downstream regions,Clarke & Walsh 2006,"Clarke, M. A., & Walsh, R. P. D. (2006). Long-term erosion and surface roughness change of rain-forest terrain following selective logging, Danum Valley, Sabah, Malaysia.Â Catena,Â 68(2-3), 109-123.",https://www.sciencedirect.com/science/article/pii/S0341816206000725
"Other biotic resource extraction (e.g. fish, timber) ",Land /freshwater/ seabed area modification,Species,"Loss or decline of species due to use of biological resources can cause changes in vegetation, nutrient cycling and hydrology of the ecosystem.",Short - Long term,Indirect,Local - specific species that are selectively used can impact other species population,"Ceballos et al., 2020 ; Van Dover et al., 2017 ; Ripple et al., 2015","Ceballos, G., Ehrlich, P. R., & Raven, P. H. (2020). Vertebrates on the brink as indicators of biological annihilation and the sixth mass extinction. Proceedings of the National Academy of Sciences, 117(24), 13596-13602 ; Van Dover, C. L., Ardron, J. A., Escobar, E., Gianni, M., Gjerde, K. M., Jaeckel, A., ... & Weaver, P. P. E. (2017). Biodiversity loss from deep-sea mining. Nature Geoscience, 10(7), 464-465 ; Ripple, W. J., Newsome, T. M., Wolf, C., Dirzo, R., Everatt, K. T., Galetti, M., ... & Van Valkenburgh, B. (2015). Collapse of the worldâ€™s largest herbivores.Â Science advances,Â 1(4), e1400103.",https://www.pnas.org/doi/full/10.1073/pnas.1922686117 ; https://www.nature.com/articles/ngeo2983 ; https://www.science.org/doi/10.1126/sciadv.1400103
"Other biotic resource extraction (e.g. fish, timber) ",Land /freshwater/ seabed area modification,Structural and Biotic Integrity,Production of timber for multiple uses can lead to deforestation and can alter ecosystem integrity.,Short - Long term,Direct,Local to regional - impacts have altered local- to regional-level ecosystem properties thrus affecting various functions,"Grantham et al., 2020 ; Barlow et al., 2016 ; Wilting et al., 2017","Grantham, H. S., Duncan, A., Evans, T. D., Jones, K. R., Beyer, H. L., Schuster, R., ... & Watson, J. E. M. (2020). Anthropogenic modification of forests means only 40% of remaining forests have high ecosystem integrity. Nature communications, 11(1), 5978 ; Barlow, J., Lennox, G. D., Ferreira, J., Berenguer, E., Lees, A. C., Nally, R. M., ... & Gardner, T. A. (2016). Anthropogenic disturbance in tropical forests can double biodiversity loss from deforestation.Â Nature,Â 535(7610), 144-147 ; Wilting, H. C., Schipper, A. M., Bakkenes, M., Meijer, J. R., & Huijbregts, M. A. (2017). Quantifying biodiversity losses due to human consumption: a global-scale footprint analysis. Environmental science & technology, 51(6), 3298-3306.",https://www.nature.com/articles/s41467-020-19493-3 ; https://www.nature.com/articles/nature18326 ; https://pubs.acs.org/doi/full/10.1021/acs.est.6b05296
Volume of water use,Change in species population size,Species,Water used for irrigation and commercial floriculture can reduce the waterbird populations that depend on wetlands as habitats.,Mid - Long term,Direct,Local to regional - water use for agricultural production can impact local wetland species population,"Verones et al., 2013","Verones, F., Saner, D., Pfister, S., Baisero, D., Rondinini, C., & Hellweg, S. (2013). Effects of consumptive water use on biodiversity in wetlands of international importance.Â Environmental science & technology,Â 47(21), 12248-12257.",https://pubs.acs.org/doi/full/10.1021/es403635j
Volume of water use,Droughts,Water,Water use can lead to drought through excessive surface and subsurface water abstraction.,Short - Long term,Direct,Local to regional - surface water abstraction could lead to impacts in downstream regions,"AghaKouchak et al., 2021 ; Qin et al., 2019 ; Van Loon et al., 2016","AghaKouchak, A., Mirchi, A., Madani, K., Di Baldassarre, G., Nazemi, A., Alborzi, A., ... & Wanders, N. (2021). Anthropogenic drought: Definition, challenges, and opportunities. ; Qin, Y., Mueller, N. D., Siebert, S., Jackson, R. B., AghaKouchak, A., Zimmerman, J. B., ... & Davis, S. J. (2019). Flexibility and intensity of global water use. Nature Sustainability, 2(6), 515-523. ; Van Loon, A. F., Gleeson, T., Clark, J., Van Dijk, A. I., Stahl, K., Hannaford, J., ... & Van Lanen, H. A. (2016). Drought in the Anthropocene.Â Nature Geoscience,Â 9(2), 89-91.",https://agupubs.onlinelibrary.wiley.com/doi/10.1029/2019RG000683 ; https://www.nature.com/articles/s41893-019-0294-2 ; https://www.nature.com/articles/ngeo2646
Volume of water use,Land /freshwater/ seabed area modification,Structural and Biotic Integrity,"Abstracting groundwater can lead to habitat modification, and in extreme cases can cause desertification. Sensitive areas such as oases can be particularly impacted.",Mid - Long term,Direct,"Local to regional - areas with water abstraction, as well as areas in downstream regions, could be impacted","Jiang et al., 2019 ; Zanchetta et al., 2016","Jiang, L., Jiapaer, G., Bao, A., Kurban, A., Guo, H., Zheng, G., & De Maeyer, P. (2019). Monitoring the long-term desertification process and assessing the relative roles of its drivers in Central Asia. Ecological Indicators, 104, 195-208 ; Zanchetta, A., Bitelli, G., & Karnieli, A. (2016). Monitoring desertification by remote sensing using the Tasselled Cap transform for long-term change detection.Â Natural hazards,Â 83, 223-237.",https://www.sciencedirect.com/science/article/pii/S1470160X19303139 ; https://link.springer.com/article/10.1007/s11069-016-2342-9
,Volcanoes,Species,Volcanic eruptions severely affect the species populations in the laval flow paths.,Short - Long term,Direct,Local - areas where lava flows are impacted and can depend on the range of species,"Caballero et al., 2023 ; Nogales et al., 2022","Caballero, M. J., Perez-Torrado, F. J., VelÃ¡zquez-Wallraf, A., Betancor, M. B., Fernandez, A., & Castro-Alonso, A. (2023). Fish mortality associated to volcanic eruptions in the Canary Islands. Frontiers in Marine Science, 9, 2857. ; Nogales, M., Guerrero-Campos, M., Boulesteix, T., Taquet, N., Beierkuhnlein, C., Campion, R., ... & Medina, F. M. (2022). The fate of terrestrial biodiversity during an oceanic island volcanic eruption.Â Scientific Reports,Â 12(1), 19344.",https://www.frontiersin.org/articles/10.3389/fmars.2022.999816/full ; https://www.nature.com/articles/s41598-022-22863-0
,Volcanoes,Water,"Volcanic eruptions tend to increase the turbidity and concentration of the inorganic elements in the receiving water body, thus impacting the physical processes in the aquatic environment.",Short - Mid term,Direct,Local - areas where lava flows are impacted,"Carrillo & DÃ­azâ€Villanueva, 2021","Carrillo, U., & DÃ­azâ€Villanueva, V. (2021). Impacts of volcanic eruptions and early recovery in freshwater environments and organisms.Â Biological Reviews,Â 96(6), 2546-2560.",https://onlinelibrary.wiley.com/doi/full/10.1111/brv.12766
,Volcanoes,Atmosphere,"Volcanic eruptions emit sulphur dioxide, carbon monoxide and aerosols into the atmosphere thus impacting the air quality at the local and regional levels.",Short - Mid term,Direct,Local to regional - impacts can vary depending on the level of eruption,"Milford et al., 2023 ; Zhang et al., 2023","Milford, C., Torres, C., Vilches, J., Gossman, A. K., Weis, F., SuÃ¡rez-Molina, D., ... & Cuevas, E. (2023). Impact of the 2021 La Palma volcanic eruption on air quality: Insights from a multidisciplinary approach.Â Science of the Total Environment,Â 869, 161652. ; Zhang, H., Zhu, K., Cheng, Y., Marchetti, D., Chen, W., Fan, M., ... & Zhang, Y. (2023). Atmospheric and ionospheric effects of La Palma volcano 2021 eruption. Atmosphere, 14(8), 1198.",https://www.sciencedirect.com/science/article/pii/S004896972300267X ; https://www.mdpi.com/2073-4433/14/8/1198
,Volcanoes,Land geomorphology,"Volcanic eruptions can affect geomorphic processes on the surrounding landscapes by altering topography causing lagged landslides, forming new landscapes, increasing mass and water-flows due to sediments and meltwater.",Short - Mid term,Direct,Local to regional - impacts can vary depending on the level of eruption,"Korup et al., 2019 ; Waythomas, C. F. 2015","Korup, O., Seidemann, J., & Mohr, C. H. (2019). Increased landslide activity on forested hillslopes following two recent volcanic eruptions in Chile. Nature Geoscience, 12(4), 284-289. ; Waythomas, C. F. (2015). Geomorphic consequences of volcanic eruptions in Alaska: A review.Â Geomorphology,Â 246, 123-145.",https://www.nature.com/articles/s41561-019-0315-9 ; https://www.sciencedirect.com/science/article/pii/S0169555X15300234
,Volcanoes,Structural and Biotic Integrity,"Volcanic eruptions and laval flow paths can impact the surrounding terrestrial (species mortality in the immediate vicinity) and aquatic (increased fish mortality, increased microbial productivity in the short-term) ecosystems.",Short - Long term,Direct,Local - areas where lava flows are impacted,"Pickarski et al., 2023 ; Nogales et al., 2022 ; Carrillo and DÃ­azâ€Villanueva, 2021","Pickarski, N., Kwiecien, O., & Litt, T. (2023). Volcanic impact on terrestrial and aquatic ecosystems in the Eastern Mediterranean. Communications Earth & Environment, 4(1), 167. ; Nogales, M., Guerrero-Campos, M., Boulesteix, T., Taquet, N., Beierkuhnlein, C., Campion, R., ... & Medina, F. M. (2022). The fate of terrestrial biodiversity during an oceanic island volcanic eruption. Scientific Reports, 12(1), 19344. ; Carrillo, U., & DÃ­azâ€Villanueva, V. (2021). Impacts of volcanic eruptions and early recovery in freshwater environments and organisms. Biological Reviews, 96(6), 2546-2560.",https://www.nature.com/articles/s43247-023-00827-0 ; https://www.nature.com/articles/s41598-022-22863-0 ; https://onlinelibrary.wiley.com/doi/abs/10.1111/brv.12766
,Volcanoes,Soils and sediments,"Volcanic eruptions and tephra (airborne volcanic ash) deposits modify the soil properties (stability, infiltration) in the short-term but results in positive effects in the long term by providing essential nutrients and minerals.",Short - Long term,Direct,Local to regional - impacts can vary depending on the level of eruption and laval flow paths,"Saputra et al., 2022 ; Fiantis et al., 2019","Saputra, D. D., Sari, R. R., Hairiah, K., Widianto, Suprayogo, D., & van Noordwijk, M. (2022). Recovery after volcanic ash deposition: vegetation effects on soil organic carbon, soil structure and infiltration rates.Â Plant and Soil,Â 474(1), 163-179. ; Fiantis, D., Ginting, F. I., Nelson, M., & Minasny, B. (2019). Volcanic ash, insecurity for the people but securing fertile soil for the future. Sustainability, 11(11), 3072.",https://link.springer.com/article/10.1007/s11104-022-05322-7 ; https://www.mdpi.com/2071-1050/11/11/3072
